AIRLINE_ID,OP_UNIQUE_CARRIER,CARRIER_NAME
21754,2PQ,21 Air LLC
21754,2PQ,21 Air LLC
21754,2PQ,21 Air LLC
20342,Q5,40-Mile Air
20342,WRB,40-Mile Air
20342,WRB,40-Mile Air
19627,CIQ,A/S Conair
19072,AAE,AAA Airlines
19079,ACI,AAA-Action Air Carrier Inc.
19726,WSK,AAR Western Skyways
21007,BZQ,"Abaco Air, Ltd."
21578,4O,ABC Aerolineas SA de CV dba Interjet
21733,AAB,Abelag Aviation AG
21656,2AQ,ABS JETS A.S
20156,M3,ABSA-Aerolinhas Brasileiras
20453,ABX,ABX Air Inc
20453,ABX,ABX Air Inc
20453,ABX,ABX Air Inc
20453,ABX,ABX Air Inc
20453,ABX,ABX Air Inc
20453,ABX,ABX Air Inc
19404,ACD,Academy Airlines
20164,ZA,Accessair Holdings
22036,X7,ACE Belgium Freighters S.A.
19995,VX,Aces Airlines
21196,0CQ,ACM AIR CHARTER GmbH
21406,CRV,Acropolis Aviation Ltd.
19732,AON,Action Airlines
19919,ADR,Adirondack Airlines
20066,AAQ,Advance Air Charters
21894,AN,"ADVANCED AIR, LLC"
19987,ADV,Advantage Airlines
19623,EI,Aer Lingus Plc
19620,QTQ,Aer Turas Teoranta
19685,TPQ,Aerial Transit Company
19685,TPQ,Aerial Transit Company
19685,TPQ,Aerial Transit Company
19467,IN,Aerlinte Eireann Teoranta
19669,AWQ,Aermediterranea S.P.A.
19621,AFQ,Aero B Venezuela C.A.
19875,JR,Aero California
19763,AEO,Aero Coach
19240,LOS,Aero Commuter
20189,N6,Aero Continente
20296,ML,Aero Costa Rica
19870,AEF,Aero Freight
19583,BAA,Aero International Airlines
20429,AVQ,Aero Laguna S.A. De C.V.
19527,PL,Aero Peru
20431,BAQ,Aero Rentas De Coahuila S.A. De C.V.
19460,ERQ,Aero Trades (Western) Ltd.
19811,ATQ,Aero Tranportes Panamenos
20010,CLQ,Aero Transcolombiana
19419,XAA,Aero Union Corp
19974,ROQ,Aero Uruguay
19975,URQ,Aero Uruguay
19119,AVI,Aero Virgin Islands Corp.
20028,CGQ,Aerochago S.A.
20028,G3,Aerochago S.A.
19609,OD,Aerocondor
20430,AYQ,Aerodan S.A. De C.V.
20354,AJQ,Aerodynamics Inc.
20354,AJQ,Aerodynamics Inc.
20354,AJQ,Aerodynamics Inc.
20354,AJQ,Aerodynamics Inc. d/b/a SkyValue d/b/a SkyValue Airways
20123,EVQ,Aeroejecutivo S.A.
20123,SX,Aeroejecutivo S.A.
19890,EJQ,Aeroejecutivos C.A.
21342,VB,"Aeroenlaces Nacionales, S.A. de C.V. d/b/a VivaAerobus"
19573,SU,Aeroflot Russian Airlines
19573,SU,Aeroflot Russian Airlines
19535,AR,Aerolineas Argentinas
19457,DOQ,Aerolineas Dominicanas S A
19512,SZQ,Aerolineas El Salvador S A
21507,2K,Aerolineas Galapagos S A Aerogal
19910,LNQ,Aerolineas Latinas
19840,MUQ,Aerolineas Mundo
20419,RL,Aerolineas Nicaraguenses
20030,UYQ,Aerolineas Uruguayas S.A.
20250,5D,Aerolitoral
21427,3S,AeroLogic GmbH
20075,ABQ,Aeromar C. Por A.
20075,BQ,Aeromar C. Por A.
20075,VW,Aeromar C. Por A.
20205,OV,Aeromaritime
20205,QK,Aeromaritime
19035,RZZ,Aeromech Inc.
19534,AM,Aeromexico
21294,TRA,Aeromexico Travel
20085,AP,Aeromexpress
20085,QO,Aeromexpress
20044,7M,Aeromonterrey S.A.
19646,AXQ,Aeron International Airlines Inc.
19892,ACQ,Aeronautica De Cancun
19076,ABO,Aeronaves Boringuena Inc.
19427,XBQ,Aeronaves De Puerto Rico
19514,ADQ,Aeronaves Del Peru
20155,VH,Aeropostal Alas De Venezuel
19891,PUQ,Aeropuma
21373,BES,Aeroservices Executive
20449,WEQ,Aero-Services-Corporate
19614,EOQ,Aeroservicios Ecuatorianos
19300,RED,Aerosun International Airlines Inc.
19927,ASQ,Aerosur
21323,5L,Aerosur
20309,VV,Aerosvit Ukranian Airlines
19761,XK,Aerotal
20432,BDQ,Aerotaxis De Aguascalientes S.A. De C.V.
19973,RTQ,Aerotour Dominicano Cxa
19116,ATT,Aerotransit Inc.
19490,RSQ,Aerotransportes Entre Rios
20446,M7,Aerotransportes Mas De Crga
20446,MDQ,Aerotransportes Mas De Crga
20446,MY,Aerotransportes Mas De Crga
21061,6R,Aerounion ( Aerotransporte de Carga Union SA de CV
21061,6R,Aerounion Aerotransporte de Carga Union SA de CV
19893,ARQ,Aerovias Colombianas Arca
21463,4C,Aerovias de Intergracian Regional
19537,AV,Aerovias Nacl De Colombia
19862,AOQ,Aerovias S.A.
19778,VE,Aerovias Venezolanas-Avensa
19955,ZL,Affretair
20375,TZQ,Air 2000 Limited
20220,A7,Air 21
19530,RK,Air Afrique
19978,AHA,Air Alpha
21440,15Q,Air Alsie A/S
19828,5T,Air America
19828,5T,Air America
19828,GM,Air America
19828,5T,Air America
19828,GM,Air America
19828,5T,Air America
19038,STZ,Air America Inc.
19313,SAX,Air Americana
19911,FQ,Air Aruba
21657,D7,Air Asia X Berhad dba Airasia X
20381,EUQ,Air Atlanta Europe
20140,CC,Air Atlanta Icelandic
20139,CC,Air Atlanta Inc.
19113,ATN,Air Atlantic Airlines Inc.
20121,LU,Air Atlantic Dominicana
19074,ABH,Air Bahia
19909,BEQ,Air Belgium
21361,AB,Air Berlin PLC and CO
21659,BX,Air Busan
19453,BLQ,Air Bvi Limited
19390,OC,Air California Inc.
19531,AC,Air Canada
20206,QK,Air Canada Regional
21610,RV,Air Canada rouge LP
19800,APE,Air Cape
19448,AEQ,Air Caravane Inc.
19087,AGA,Air Cargo America Inc.
19080,ACO,Air Cargo Enterprises Inc.
19069,ACG,Air Cargo Express Inc.
20114,CJQ,Air Caribbean
20114,XC,Air Caribbean
20115,AIC,Air Caribbean
19813,ARB,Air Caribe International
19117,ATX,Air Carolina
20011,ASN,Air Casino
19083,ACT,Air Central Inc.
19084,ACK,Air Central Inc.
19081,ACP,Air Chaparral Inc.
19698,AQQ,Air Charter (Safa)
19806,WAQ,Air Charter Systems (Acs)
21615,1YQ,"Air Charter, Inc d/b/a Air Flamenco"
19230,JCM,Air Chico
19543,CA,Air China
20438,HB,Air Club International
19345,TAC,Air Colorado
20221,2Z,Air Comet S.A.
20221,A7,Air Comet S.A.
21574,R3,Air Company Yakutia
19312,SAS,Air Cortez International
19371,WAC,Air East Airlines
19589,AED,Air East Of Delaware Inc.
20119,UX,Air Europa
20119,UXQ,Air Europa
20119,UX,Air Europa
19505,AE,Air Europe Limited
20032,PE,Air Europe S.P.A.
20217,AEX,Air Excursions LLC
20217,AEX,Air Excursions LLC
21386,X4,Air Excursions LLC
21386,0ZQ,Air Excursions LLC
19089,AIE,Air Express Inc.
19420,XAC,Air Express International Airlines
21532,OF,Air Finland Ltd.
20035,AFE,Air Florida Express
19389,QH,Air Florida Inc.
19389,QH,Air Florida Inc.
19389,QH,Air Florida Inc.
20456,GS,Air Foyle Limited
19417,RRT,Air Freight Express
20293,ZX,Air Georgian
21312,WV,"Air Greco, Inc., d/b/a Wings Air"
20145,OG,Air Guadeloupe
19509,HJ,Air Haiti S. A.
21869,36Q,Air Hamburg Luftverkehrsgesellschaft mbH
19760,XK,Air Hawaii
19760,AHC,Air Hawaii
19760,AHC,Air Hawaii
20118,UX,Air Illinois Inc.
20118,ILL,Air Illinois Inc.
19091,AIN,Air Indiana
19549,JM,Air Jamaica Limited
20209,NQ,Air Japan Co
19276,OWS,Air Kentucky Air Lines
20174,AIK,Air Ketchum Idaho Inc.
19762,ALS,Air L.A.
19914,LRQ,Air Liberte
20216,IJ,Air Liberte Aka Aom Minerve
20216,IW,Air Liberte Aka Aom Minerve
19764,ALK,Air Link Airways
20196,KM,Air Malta
19498,UMQ,Air Manila Inc.
19900,CW,Air Marshall Islands Inc.
21660,2BQ,Air Medical Ltd.
19065,AJ,Air Micronesia Inc.
20291,AMW,Air Midwest Inc.
20291,ZV,Air Midwest Inc.
20291,ZV,Air Midwest Inc.
20291,AMW,Air Midwest Inc.
19599,TRO,Air Molakai
19090,AIM,Air Mont. Inc.
19653,AHQ,Air National
19653,AHQ,Air National
19626,XBZ,Air Natl Aircraft Sal & Ser
19526,ON,Air Nauru
19097,ANB,Air Nebraska Inc.
19381,ZIA,Air New Mexico
19591,AOR,Air New Orleans
19933,NZ,Air New Zealand
19933,TE,Air New Zealand
19482,NUQ,Air Niugini
19976,4N,Air North
19100,ANT,Air North/Nenana
20206,QK,Air Nova
19636,CB,Air One Inc.
19622,GX,Air Ontario Limited
19107,ARO,Air Oregon
19185,EKA,Air Pacific Inc.
20058,FJ,Air Pacific Ltd.
20059,FJ,Air Pacific Ltd.
20385,OP,Air Panama Internacional
19282,PER,Air Pennsylvania
21774,2P,"Air Philippines Corp d/b/a Airphil Express, Philippines Airlines"
19625,XAB,Air Polynesia d/b/a DHL Cargo
19104,APY,Air Polynesia Inc.
19788,FD,Air Puerto Rico Airlines
19788,FD,Air Puerto Rico Airlines
19788,FD,Air Puerto Rico Airlines
19788,APC,Air Puerto Rico Airlines
19629,ARA,Air Resorts Airlines
19309,RWG,Air Rovers Inc.
19665,ARS,Air Sedona
22078,HC,Air Senegal S.A
21738,JU,Air Serbia
19814,ASU,Air South
19815,ASH,Air South
20060,WV,Air South Inc.
20061,ASC,Air South Inc.
19904,ATH,Air Southeast
19679,APS,Air Spirit Inc.
20290,ZP,Air St. Thomas
20290,VIA,Air St. Thomas
19650,AAT,Air Sunshine Inc.
19650,AAT,Air Sunshine Inc.
20162,TN,Air Tahiti Nui
19823,XDE,Air Train Inc.
19961,TS,Air Transat
19961,TWQ,Air Transat
19874,8C,Air Transport International
19874,8C,Air Transport International
19874,8C,Air Transport International
19874,8C,Air Transport International
19671,VK,Air Tungaru Corporation
19365,USA,Air U.S.
20043,6U,Air Ukraine
19118,AVA,Air Vectors Airways
19592,AVR,Air Vermont Inc.
19141,CAV,Air Virginia
19988,AWA,Air West Airlines
20046,ZW,Air Wisconsin Airlines Corp
20046,ZW,Air Wisconsin Airlines Corp
20046,ZW,Air Wisconsin Airlines Corp
20046,ZW,Air Wisconsin Inc.
20046,WIS,Air Wisconsin Inc.
19075,ABI,Airbama Incorporated
20292,ZX,Airbc Ltd.
20453,ABX,Airborne Express Inc.
20453,MIW,Airborne Express Inc.
20453,ABX,Airborne Express Inc.
21487,RU,AirBridgeCargo Airlines Limited
20154,BGQ,Airbus Transport Internat'l
22043,3AA,"Airgate Aviation, Inc."
19407,AIG,Airgo Inc.
19533,AI,Air-India
21433,IG,Airitaly S.P.A.
19092,ALE,Air-Lift Associates Inc.
19853,ARD,Airlift International
20343,RD,Airlift International Inc.
20343,RD,Airlift International Inc.
20343,RD,Airlift International Inc.
20420,RL,Airline Of The Americas
20420,RL,Airline Of The Americas
20420,RL,Airline Of The Americas
19656,ARM,Airmarc Airlines Inc.
19993,AKQ,Airmark Airlines Inc.
19993,AKQ,Airmark Airlines Inc.
19993,AKQ,Airmark Airlines Inc.
19683,MKQ,Airmark Corporation
19683,MKQ,Airmark Corporation
19683,MKQ,Airmark Corporation
19777,RI,Airpac Inc.
19777,XYZ,Airpac Inc.
19777,XYZ,Airpac Inc.
20279,RSV,Air-Serve
20279,RSV,Air-Serve
19675,ARP,Airspur Helicopters Inc.
20278,RNQ,Airtours International Airways
20437,FL,AirTran Airways Corporation
20437,FL,AirTran Airways Corporation
20437,FL,AirTran Airways Corporation
20437,FL,AirTran Airways Corporation
20437,FL,AirTran Airways Corporation
19944,AVG,Airvantage
19774,AIT,Airways International
19098,ANM,Airways Of New Mexico Inc.
19082,ACS,Alamo Commuter Airlines
19863,APQ,Alas De Transporte International
19050,AAZ,Alaska Aeronautical Indust.
19930,AS,Alaska Airlines Inc.
19930,AS,Alaska Airlines Inc.
19077,ACA,Alaska Central Airways Inc.
20341,KO,Alaska Central Express
20341,YTU,Alaska Central Express
20341,YTU,Alaska Central Express
19670,BF,Alaska International Air
19649,LSZ,Alaska Island Air Inc.
20337,AKS,Alaska Seaplane Service
20337,J5,Alaska Seaplane Service
20337,AKS,Alaska Seaplane Service
19451,ALQ,Alberta Northern Airlines
21447,17Q,Albinati Aeronautics SA
21651,26Q,Albinati aviation Limited
19833,ALU,Aleutian Air
19568,RJ,Alia-(The) Royal Jordanian
19539,AZ,Alitalia-Linee Aeree Italia
20239,CEQ,All Canada Express
19088,AIA,All Island Air
19791,NH,All Nippon Airways Co.
19094,ALL,All Seasons Air Pacific
19645,EP,All Star Airlines Inc.
19645,EP,All Star Airlines Inc.
19645,EP,All Star Airlines Inc.
19470,JXQ,Allarco Developments Ltd.
20269,HRZ,Allegheny Airlines
20269,HRZ,Allegheny Airlines
20368,G4,Allegiant Air
20368,GLQ,Allegiant Air
20368,G4,Allegiant Air
20368,G4,Allegiant Air
20368,G4,Allegiant Air
20368,G4,Allegiant Air
20368,G4,Allegiant Air
19979,AIY,Alliance Air
19713,ACN,Alliance Airlines
19943,ALD,Allied Airlines
19428,XBR,Allstates Air Cargo Inc.
20231,LM,Alm Antillean Airlines
21634,KH,Aloha Air Cargo
21634,KH,Aloha Air Cargo
19678,AQ,Aloha Airlines Inc.
19678,AQ,Aloha Airlines Inc.
20287,WP,Aloha Island Air
20287,PRV,Aloha Island Air
19700,APH,Alpha Air
19673,AAV,Alpine Air
19110,ASI,Alpine Air Services Inc.
21522,1FQ,Alsek Air
19043,AAR,Altair Airlines Inc.
19581,ALT,Altus Airlines
19435,XAE,Amerford Airways Inc.
19991,HP,America West Airlines Inc.
19991,HP,America West Airlines Inc.
19991,HP,America West Airlines Inc.
19674,AME,Americair Inc.
19408,AMT,American Air Transport
19805,AA,American Airlines Inc.
19805,AA,American Airlines Inc.
19805,AA,American Airlines Inc.
19805,AA,American Airlines Inc.
19040,TSF,American Central Airlines
20398,MQ,American Eagle Airlines Inc.
20398,MQ,American Eagle Airlines Inc.
20398,MQ,American Eagle Airlines Inc.
19086,AFA,American Flag Airlines Inc.
20036,AFG,American Flight Group
19096,AMI,American Inter-Island Inc.
20171,NI,American International Airways Inc.
20171,NI,American International Airways Inc.
20171,NI,American International Airways Inc.
20173,CDQ,American International Airways Inc.
20173,CDQ,American International Airways Inc.
20312,TZ,American Trans Air Inc.
20312,TZ,American Trans Air Inc.
20312,TZ,American Trans Air Inc.
20312,TZ,American Trans Air Inc.
20312,TZ,American Trans Air Inc.
20312,TZ,American Trans Air Inc.
20151,JH,Amerijet International
20151,JH,Amerijet International
20151,M6,Amerijet International
20151,M6,Amerijet International
20151,JH,Amerijet International
20151,M6,Amerijet International
20151,M6,Amerijet International
20201,AMQ,Ameristar Air Cargo
20201,AMQ,Ameristar Air Cargo
20201,AMQ,Ameristar Air Cargo
21569,XPE,Amira Air GmbH
19109,ASD,Amistad Airlines
21126,9N,ANA & JP Express Co. Ltd.
19520,ED,Andes
21959,3CQ,"Andrew Airways, Inc."
19793,AZQ,Anglo Airlines Ltd.
20056,PDQ,Antigua Paradise Airways
19071,AAB,Antilles Air Boats Inc.
20110,ADB,Antonov Company
20110,AUQ,Antonov Design Bureau
20216,IW,Aom Minerve S.A.
20216,MVQ,Aom Minerve S.A.
19932,7P,Apa International Air S.A.
19932,DRQ,Apa International Air S.A.
19103,APL,Appalachian Flying Service
19638,AFS,Arcata Flying Service
20325,5F,Arctic Circle Air Service
20325,ASE,Arctic Circle Air Service
20325,ASE,Arctic Circle Air Service
20330,7S,Arctic Transportation
20330,RYA,Arctic Transportation
20330,RYA,Arctic Transportation
19449,AGQ,Argo S. A.
19073,AAL,Argosy Air Lines Inc.
21467,W3,Arik Air International
19615,RAQ,Arista International Airlines Inc.
19615,RAQ,Arista International Airlines Inc.
19615,RAQ,Arista International Airlines Inc.
19105,ARI,Arizona Aero Corp.
20256,ARZ,Arizona Airways
20411,AZE,Arizona Express
20411,K7,Arizona Express
19968,AZP,Arizona Pacific Airways
19102,API,Arizona Pacific Inc.
19255,MTA,Arkansas Traveler Airline
19710,AAP,Armstrong Air Service Inc.
19106,ARN,Arnold Aviation
20194,JW,Arrow Air Inc.
20194,JW,Arrow Air Inc.
20194,JW,Arrow Air Inc.
20194,JW,Arrow Air Inc.
20194,JW,Arrow Air Inc.
21074,WAP,Arrow Panama
19108,ARR,Arrowhead Airways Inc.
19886,IPQ,Aruba Cargo
21934,AG,Arubaanse Luchtvaart Maatschappij NV dba Aruba Airlines
19111,ASP,Asap Air Inc.
20177,PFQ,Asia Pacific
20177,PFQ,Asia Pacific
20177,PFQ,Asia Pacific
20177,PFQ,Asia Pacific
20177,PFQ,Asia Pacific
20277,OZ,Asiana Airlines Inc.
20084,AP,Aspen Airways Inc.
20084,APN,Aspen Airways Inc.
19070,AAA,Associated Aviation Act.
20357,ER,Astar Air Cargo Inc.
20357,ER,Astar Air Cargo Inc.
20357,ER,Astar Air Cargo Inc.
20357,ER,"Astar USA, LLC"
20357,ER,"Astar USA, LLC"
20357,ER,"Astar USA, LLC"
19085,AEC,Astec Air East Inc.
19714,ASR,Astor Air
19112,AST,Astro Airways
19436,XAF,Astro-Wing Airlines Inc.
20312,TZ,ATA Airlines d/b/a ATA
20312,TZ,ATA Airlines d/b/a ATA
20312,TZ,ATA Airlines d/b/a ATA
20312,TZ,ATA Airlines d/b/a ATA
19590,ALX,Atlanta Express
19582,ANC,Atlantic Air
20404,DH,Atlantic Coast Airlines
20404,ATD,Atlantic Coast Airlines
20404,DH,Atlantic Coast Airlines
20404,ATD,Atlantic Coast Airlines
20246,ACJ,Atlantic Coast Jet Inc.
20246,ACJ,Atlantic Coast Jet Inc.
19742,AGL,Atlantic Gulf Airlines
19742,ZY,Atlantic Gulf Airlines
19742,ZY,Atlantic Gulf Airlines
20366,EV,Atlantic Southeast Airlines
20366,EV,Atlantic Southeast Airlines
20366,EV,Atlantic Southeast Airlines
20366,EV,Atlantic Southeast Airlines
20366,EV,Atlantic Southeast Airlines
20366,EV,Atlantic Southeast Airlines
20366,ATA,Atlantic Southeast Airlines
19115,ATS,Atlantis Airlines Inc.
20007,5Y,Atlas Air Inc.
20007,5Y,Atlas Air Inc.
20007,5Y,Atlas Air Inc.
20007,5Y,Atlas Air Inc.
20007,5Y,Atlas Air Inc.
19659,AAI,Audi Air Inc.
20141,AUX,Austin Express Inc.
19873,OS,Austrian Airlines
19972,HCQ,Av Atlantic
19972,HCQ,Av Atlantic
19972,HCQ,Av Atlantic
20158,AVC,Av Center Inc.
19709,AMR,AvAir
19499,VOQ,Avalon Aviation Ltd.
20214,AD,Avia Leasing Company
19452,AO,Aviacion Y Comercio S.A.
20152,6A,Aviacsa Airlines
19522,GU,Aviateca
22005,GU,"Aviateca, S.A."
19655,SNA,Aviation Associates
20365,CZQ,Aviation Concepts
20365,CZQ,Aviation Concepts
20365,CZQ,Aviation Concepts
20037,AVL,Aviation Sales
19120,AVS,Aviation Services
21142,9V,"Avior Airlines, C.A."
21352,0WQ,Avjet Corporation
22074,AOQ,Avon Jet AG
21692,J2,Azerbaijan Airlines CJSC
21864,35Q,"Aztec Worldwide Airlines, Inc.  d/b/a  Aztec Airways"
21638,AD,Azul Linhas Aereas Brazileiras S A
19577,UP,Bahamasair Holding Limited
19126,BCA,Baja Cortez Airlines
20332,8Q,Baker Aviation Inc.
20332,BKR,Baker Aviation Inc.
20332,BKR,Baker Aviation Inc.
19528,BBQ,Balair Ag
20003,LZ,Balkan Bulgarian Airlines
19437,XAG,Ball Brothers Inc.
19816,BAN,Bangor International Air
19124,BAK,Bankair Inc.
19297,QOZ,Bar Harbor Airways
19125,BAR,Bard-Air Corp.
19716,BRK,Barken International
19752,BRW,Barrow Air
19327,SKL,Bas Airlines
19748,BYA,Bay Air
21821,JD,Beijing Capital Airlines
20390,4T,Belair Airlines Ltd.
19808,BM,Belize Air International Ltd.
19494,ST,Belize Airways Limited
19913,4H,Belize Trans Air
20315,7G,Bellair Inc.
20315,BEL,Bellair Inc.
20315,BEL,Bellair Inc.
20316,5B,Bellair Inc.
20257,CH,Bemidji Airlines
20257,BMJ,Bemidji Airlines
20257,BMJ,Bemidji Airlines
19127,BEN,Bennington Aviation Inc.
20331,8E,Bering Air Inc.
20331,BER,Bering Air Inc.
20331,BER,Bering Air Inc.
21573,1LQ,Bertelsmann Aviation GmbH
20215,IW,Best Airlines Inc.
19128,BEY,Beyer Aviation
20322,Z3,"Bidzy Ta Hot Aana, Inc. d/b/a Tanana Air Service"
19753,BIA,Big Island Air
20258,BSA,Big Sky Airlines Inc.
20258,GQ,Big Sky Airlines Inc.
20258,BSA,Big Sky Airlines Inc.
19130,BHO,Bighorn Airways Inc.
20045,BG,Biman Bangladesh Airlines
19131,BIR,Birchwood Air Service
19129,BHK,Blackhawk Airways Inc.
19901,BUQ,Blue Bell Inc.
19901,BUQ,Blue Bell Inc.
19901,BUQ,Blue Bell Inc.
21646,24Q,Blue Jet SP Z o o
20109,TRQ,Blue Scandinavia Ab
20406,BNQ,BNJ Charter Company
20406,BNQ,BNJ Charter Company
20406,BNQ,BNJ Charter Company
19133,BOA,Boise Air Service
19409,BOI,Bo-S-Aire Airlines Inc.
20335,E9,Boston-Maine Airways
20335,PAM,Boston-Maine Airways
20335,E9,Boston-Maine Airways
20335,E9,Boston-Maine Airways
20335,E9,Boston-Maine Airways
20335,PAM,Boston-Maine Airways
20335,E9,Boston-Maine Airways
20335,E9,Boston-Maine Airways
20335,PAM,Boston-Maine Airways
21599,4B,Boutique Air
19855,BCQ,Bradley Air Services Ltd.
19093,ALI,Brandt Air
20160,BN,Braniff Inc.
20160,BN,Braniff Inc.
19951,BE,Braniff International Airlines Inc.
20079,BTQ,Brasair Transportes Aereos
22080,BZQ,Breeze Aviation Group DBA  Breeze
19132,BMT,Bremerton Aviation Inc.
19123,BAH,Brennan & Hargreaves Inc.
20179,6B,Britannia Airways A.B.
20161,BN,Britannia Airways GmbH
19869,BY,Britannia Airways Ltd.
20321,4E,British Airtours Limited
19540,BA,British Airways Plc
19497,TXQ,British Caribbean Airways
19541,BD,British Midland Airways Ltd.
19542,BW,British West Indian Airways
19367,VER,Britt Airlines Inc.
20374,RU,Britt Airways Inc.
20374,BRT,Britt Airways Inc.
19134,BRO,Brower Airways Inc.
21567,SN,Brussels Airlines N.V.
19677,BFQ,Buffalo Airways Inc.
19677,BFQ,Buffalo Airways Inc.
19677,BFQ,Buffalo Airways Inc.
19617,BAY,Burlington Aeroplane Co.
19135,BUR,Burlington Airways Inc.
19438,XAI,Burlington Northern Inc.
19122,BAC,Business Aircraft Corp.
20393,HQ,Business Express
19712,BEA,Business Express Airlines
19462,HIQ,Business Flights Ltd.
20038,BUH,Business Helicopters
19138,CAM,C & M Airlines
20200,5C,C.A.L Cargo Airlines
19728,CUQ,Caicos Caribbean Airways
20004,BR,Cal Air International Ltd.
19150,CIS,Cal Sierra Airlines
20334,BRQ,Caledonian Airways
19905,CLF,California Air Shuttle
19733,CAF,California Seaboard
19429,XAQ,Cam Air International Inc.
20116,2T,Canada 3000 Airlines Ltd.
20116,TTQ,Canada 3000 Airlines Ltd.
19523,CP,Canadian Airlines International Ltd.
19866,CWQ,Canadian Aviation Express
20364,C6,Canjet Airlines
20253,9K,Cape Air
20253,CPE,Cape Air
20326,6C,Cape Smythe Air Service
20326,CSY,Cape Smythe Air Service
20326,CSY,Cape Smythe Air Service
20400,CCQ,Capital Cargo International
20400,CCQ,Capital Cargo International
20400,PT,Capital Cargo International
20400,CCQ,Capital Cargo International
20400,CCQ,Capital Cargo International
20400,PT,Capital Cargo International
20400,CCQ,Capital Cargo International
20068,CPT,Capitol Air
20006,CPQ,Capitol Air Express Inc.
20006,CPQ,Capitol Air Express Inc.
20006,CPQ,Capitol Air Express Inc.
19159,CPA,Capitol Air Lines
19447,CL,Capitol International Inc.
19447,CL,Capitol International Inc.
19447,CL,Capitol International Inc.
19940,CVQ,Caraven S.A.
21069,GG,"Cargo 360, Inc."
21069,GG,"Cargo 360, Inc."
20313,W8,Cargojet Airways Ltd.
20313,W8,Cargojet Logistics
21780,P3,Cargologicair Limited
19545,CV,Cargolux Airlines International S.A
21580,C8,Cargolux Italia SpA
20047,CRB,Caribair
19745,DC,Caribbean Air Cargo Co Ltd.
19046,OHZ,Caribbean Air Services Inc.
20134,B8,Caribbean Airline Company
19542,BW,Caribbean Airlines Limited
19666,CRE,Caribbean Express Inc.
20310,ZQ,Caribbean Sun Airlines
20310,ZQ,Caribbean Sun Airlines
20310,ZQ,Caribbean Sun Airlines
20310,K8,"Caribbean Sun Airlines, Inc. d/b/a World Atlantic Airlines"
20310,WL,"Caribbean Sun Airlines, Inc. d/b/a World Atlantic Airlines"
20310,K8,"Caribbean Sun Airlines, Inc. d/b/a World Atlantic Airlines"
20310,K8,"Caribbean Sun Airlines, Inc. d/b/a World Atlantic Airlines"
20310,K8,"Caribbean Sun Airlines, Inc. d/b/a World Atlantic Airlines"
20310,WL,"Caribbean Sun Airlines, Inc. d/b/a World Atlantic Airlines"
20310,K8,"Caribbean Sun Airlines, Inc. d/b/a World Atlantic Airlines"
19458,DQQ,Caribwest Airways Ltd.
19952,KW,Carnival Air Lines Inc.
19952,KW,Carnival Air Lines Inc.
19142,CBA,Carriba Air Inc.
20132,CZ,Cascade Airways Inc.
20132,CCD,Cascade Airways Inc.
20197,CSN,Casino Airlines
20198,CSA,Casino Airlines
20207,CXQ,Casino Express
20207,XP,Casino Express
20207,CXQ,Casino Express
20207,XP,Casino Express
20207,XP,Casino Express
20207,CXQ,Casino Express
20207,XP,Casino Express
20207,XP,Casino Express
20207,XP,Casino Express
21202,CAZ,CAT Aviation
19140,CAT,Catalina Airlines Inc.
19168,CVA,Catalina-Vegas Airlines
19779,CX,Cathay Pacific Airways Ltd.
19165,CSK,Catskill Airways Inc.
21693,2GQ,Cavok Air LLC
19912,KX,Cayman Airways Limited
19912,KXQ,Cayman Airways Limited
20240,SNB,Ccair
20240,SNB,Ccair
21677,5J,Cebu Air Inc d/b/a Cebu Pacific Air
20410,CSQ,Celtic Tech Jet Ltd.
19151,CNN,Centennial Airlines
19143,CEN,Cen-Tex Airlines Inc.
19928,GW,Central American Airlines
19421,XAJ,Central American International
20255,9M,Central Mountain Air
19880,CSL,Central States Air Lines
19201,GBA,Central States Airline
20308,WE,Centurion Cargo Inc.
20308,WE,Centurion Cargo Inc.
20308,WE,Centurion Cargo Inc.
20308,WE,Centurion Cargo Inc.
19166,CTA,Century Airlines
19144,CET,Century Airlines (Cal)
19439,XAK,Century Airlines Inc.
19425,XBI,CF Air Freight
21635,LF,CFM Inc d/b/a Contour Airlines
21635,LF,CFM Inc d/b/a Contour Airlines d/b/a One Jet Shuttle
20308,C2,Challenge Air Cargo Inc.
20308,C2,Challenge Air Cargo Inc.
20308,C2,Challenge Air Cargo Inc.
20307,VV,Challenge Air International Inc.
20307,VV,Challenge Air International Inc.
20307,VV,Challenge Air International Inc.
21008,CAQ,Challenge Air Luftverkehrs GmbH
20306,VV,Challenge Air Transport Inc.
20306,VV,Challenge Air Transport Inc.
20306,VV,Challenge Air Transport Inc.
20306,XAL,Challenge Air Transport Inc.
22036,X7,Challenge Airlines (BE) S.A.
20204,MG,Champion Air
20204,MG,Champion Air
20204,MG,Champion Air
20204,MG,Champion Air
19145,CHD,Chandler Flyer
19056,CHL,Channel Flying Inc.
19235,KXZ,Chaparral Airlines Inc.
19846,CTR,Chartair
21477,1AQ,"Charter Air Transport, Inc."
19146,CHE,Charter Airlines
19929,CHT,Charter One
21437,13Q,Chartright Air Inc.
20418,CHA,Chautauqua Airlines Inc.
20418,RP,Chautauqua Airlines Inc.
20418,RP,Chautauqua Airlines Inc.
20418,CHA,Chautauqua Airlines Inc.
20418,RP,Chautauqua Airlines Inc.
19405,ACL,Check-Air Inc.
19817,CCO,Chester County Aviation
19945,CGO,Chicago Air Taxi
19775,CGA,Chicago Airlines
20202,C8,Chicago Express Airlines
20202,CGE,Chicago Express Airlines
19544,CI,China Airlines Ltd.
20362,CK,China Cargo Airline
19958,MU,China Eastern Airlines
20133,CZ,China Southern Airlines
19708,CSM,Chisum Flying Service
19044,CHI,Chitina Air Service
19148,CHO,Choi Aviation Inc.
19149,CHS,Christman Air System
20232,A2,Cielos De Peru
19431,XBP,Circle Airfreight Corp.
20124,H2,City Bird
21614,1QQ,City Wings Inc dba Seaflight
19754,CCA,Cityhop
22041,V6,CLAIRMONT HOLDINGS d/b/a VI AIRLINK
19719,CTL,Coastal Air Transport
19160,CPC,Coastal Plains Commuter Inc.
19033,COC,Cochise Airlines Inc.
19434,XAM,Cohlmia Aviation
19153,COK,Coker Aviation Inc.
19136,CAC,Coleman Air Transport
20254,9L,Colgan Air
20254,9L,Colgan Air
20254,9L,Colgan Air
20254,NCP,Colgan Air
19401,CJ,Colgan Airways Inc.
19878,EXA,Columbia Pacific Airlines
19879,CLB,Columbia Pacific Airlines
20417,OH,Comair Inc.
20417,OH,Comair Inc.
20417,OH,Comair Inc.
20417,CMI,Comair Inc.
20417,OH,Comair Inc.
19410,CMB,Combs Airways Inc.
21630,1ZQ,Comlux Aruba NV
21094,05Q,"Comlux Aviation, AG"
21382,0YQ,Comlux Malta Ltd.
21331,0UQ,"Comlux Malta, Ltd."
19061,CMD,Command Airways Inc.
19154,COM,Commutair
20445,C5,"Commutair Aka Champlain Enterprises, Inc."
20445,CMT,"Commutair Aka Champlain Enterprises, Inc."
20445,C5,"Commutair Aka Champlain Enterprises, Inc."
20445,CMT,"Commutair Aka Champlain Enterprises, Inc."
20445,C5,"Commutair Aka Champlain Enterprises, Inc."
19161,CRA,Commuter Airlines
19717,CMR,Commuter Airlines (Ca)
19539,AZ,Compagnia Aerea Italiana
21674,3SD,Compagnie Aerienne Inter Regionale Express dba Air Antilles Express & Air Guyane
19532,AF,Compagnie Natl Air France
19521,CF,Compan. De Aviacion Faucett
19515,DO,Compania Dominicana De Avia
19559,MX,Compania Mexicana De Aviaci
19770,CM,Compania Panamena (Copa)
21167,CP,Compass Airlines
21167,CP,Compass Airlines
21167,CP,Compass Airlines
21167,CP,Compass Airlines
21351,Y4,Concesionaria Vuela Compania De Aviacion SA de CV (Volaris)
22048,JCO,Concierge U Ltd. d/b/a Jet Concierge Club
20120,DE,Condor Flugdienst
20120,DFQ,Condor Flugdienst
20235,CRQ,Conner Air Lines Inc.
20235,4S,Conner Air Lines Inc.
20235,CRQ,Conner Air Lines Inc.
20235,4S,Conner Air Lines Inc.
20235,XAN,Conner Air Lines Inc.
20173,CDQ,Connie Kalitta Services
20173,CDQ,Connie Kalitta Services
19903,CQI,Conquest Airline Corp.
19704,CO,Continental Air Lines Inc.
19704,CO,Continental Air Lines Inc.
19704,CO,Continental Air Lines Inc.
19704,CO,Continental Air Lines Inc.
20374,BRT,Continental Express
20017,CS,Continental Micronesia
19206,GOF,Copper State Airlines
19155,COR,Coral Air Inc.
19920,CRP,Corporate Air
19272,OIZ,Corporate Air Inc.
20407,3C,Corporate Airlines
20407,CEA,Corporate Airlines
21635,21Q,Corporate Flight Management Inc.
21635,21Q,Corporate Flight Management Inc.d/b/a Crystal Luxury Air
21317,0TQ,"Corporatejets, XXI"
21434,SS,Corsair
21434,SS,Corsair International
19856,CYQ,Corse Air International
20327,7H,"Corvus Airlines, Inc d/b/a Era Aviation d/b/a Ravn Alaska"
19156,COS,Cosmopolitan Comm. Airline
19167,CTH,Cothron Aviation
19152,COB,Cotton Belt Aviation Inc.
19158,COU,Courtesy Air Service Inc.
19137,CAI,Crawford Aviation Inc.
19718,CRH,Cresent Medivac
19164,CRT,Crested Butte Air Service
19234,KWZ,Crown Air
19163,CRO,Crown Airways Inc.
19162,CRN,Crown Aviaiton Inc.
19252,MNZ,Cumberland Airlines
19834,CUS,Custom Air Service
20093,CTQ,Custom Air Transport
20093,CTQ,Custom Air Transport
20183,OK,Czech Airlines
20183,OK,Czechoslovak Airlines
20183,OK,Czechoslovak Airlines
19440,XAO,Dallas Flight Center
19455,DA,Dan Air Services
19169,DAN,Danbury Airlines
19934,SE,Das Air Cargo
19628,ANI,Dash Air Corporation
21601,1XQ,Dassault Falcon Service
19398,DAU,Dauphin Island Airways
19938,DWN,Dawn Air
21186,0BQ,DCA
19171,DEC,Decatur Aviation
19790,DL,Delta Air Lines Inc.
19790,DL,Delta Air Lines Inc.
19790,DL,Delta Air Lines Inc.
19790,DL,Delta Air Lines Inc.
21718,2JQ,Delux Public Charter LLC
19176,DST,Desert Airlines
19175,DPI,Desert Pacific Airlines Inc.
19174,DPA,Desert Pacific Airways
19618,DSA,Desert Sun Airlines
19594,DVO,Devoe Airlines
20111,DHQ,DHL Aero Expresso
19172,DHL,DHL Airlines Inc.
20357,ER,DHL Airways
20357,ER,DHL Airways
20357,ER,DHL Airways
20357,ER,DHL Airways
20357,ER,DHL Airways
20357,ER,DHL Airways
20357,XBW,DHL Airways
19173,DIC,Dickman Aviation Services
20403,DH,Discovery Airways Inc.
19593,DOL,Dolphin Airways Inc.
20069,DXA,Dolphin Express
19170,DEA,Downeast Airlines Inc.
20081,DFS,Downeast Flying Service
21626,B0,Dreamjet SAS Dba La Compagnie
19921,DIA,Drummond Island Air
19959,DUL,Dulles Express
20231,K8,Dutch Caribbean Airlines
21492,1BQ,"Dynamic Airways, LLC"
21492,1BQ,"Dynamic Airways, LLC"
21492,1BQ,"Dynamic Airways, LLC"
21492,1BQ,"Dynamic Airways, LLC"
21492,1BQ,"Dynamic Airways, LLC"
20353,8D,"Dynamic Aviation, Inc. d/b/a Beacon"
19264,NPT,E. J. A. Newport Inc.
19711,EGA,Eagle Airline
20020,V9,Eagle Airlines
20020,V9,Eagle Airlines
20020,V9,Eagle Airlines
20021,ECA,Eagle Airlines
19412,EEZ,Eagle Aviation Inc.
20424,EGC,Eagle Canyon Airlines
20424,EGC,Eagle Canyon Airlines d/b/a Scenic Airlines
20424,YR,Eagle Canyon Airlines d/b/a Scenic Airlines
19182,EGL,Eagle Commuter Airlines Inc.
20098,EGJ,Eagle Jet Charter
19818,ECR,East Coast Airways
19183,EHA,East Hampton Aire Inc.
19184,EIA,East. Indiana Aviation Sale
21781,ZE,Eastar Jet Co Ltd.
19707,EA,Eastern Air Lines Inc.
19707,EA,Eastern Air Lines Inc.
19707,EA,Eastern Air Lines Inc.
21492,1BQ,"Eastern Airlines f/k/a Dynamic Airways, LLC"
21492,1BQ,"Eastern Airlines f/k/a Dynamic Airways, LLC"
21650,EE,Eastern Airlines Group Inc.
21650,EE,Eastern Airlines Group Inc.
19178,EAS,Eastern Caribbean Airways
19179,ECI,Eastern Carolina Aviation
19486,PV,Eastern Provincial Airways
19651,EAT,Eastman Airways Inc.
20168,W9,Eastwind Airlines Inc.
20168,W9,Eastwind Airlines Inc.
20009,ECL,Eclipse Airlines
20105,EU,Ecuatoriana De Aviacion
19180,EDE,Ede Aire
20234,8R,Edelweiss Air Ag
19747,MS,Egyptair
19558,LY,El Al Israel Airlines Ltd.
22052,EAU,Elitavia Malta Limited
21712,2HQ,Elite Airways LLC
21712,2HQ,Elite Airways LLC
21712,2HQ,Elite Airways LLC
21712,2HQ,Elite Airways LLC
21712,2HQ,Elite Airways LLC
21712,2HQ,Elite Airways LLC
21712,2HQ,Elite Airways LLC
20261,ELL,Ellis Air Taxi Inc.
20261,ELL,Ellis Air Taxi Inc.
21121,A0,Elysair d/b/a L'Avion
19062,EMA,Emerald Airlines
19610,OD,Emerald Airlines Inc.
19898,TNQ,Emery Worldwide Airlines
19898,TNQ,Emery Worldwide Airlines
20392,EK,Emirates
19187,ERO,Empire Aero Service
20262,UR,Empire Airlines Inc.
20263,EM,Empire Airlines Inc.
20263,EM,Empire Airlines Inc.
20263,EM,Empire Airlines Inc.
20263,EPA,Empire Airlines Inc.
20263,EM,Empire Airlines Inc.
20264,EMP,Empire Airlines Inc.
20105,EU,Empresa Ecuatoriana De Avia
20363,9E,Endeavor Air Inc.
20363,9E,Endeavor Air Inc.
19734,ENT,Enterprise Airlines Inc.
20398,MQ,Envoy Air
20398,MQ,Envoy Air
20454,E0,"EOS Airlines, Inc."
20454,E0,"EOS Airlines, Inc."
20327,ERA,Era Aviation
20327,7H,Era Aviation
20327,ERA,Era Aviation
21655,29Q,Erickson Helicopters
19186,ERI,Erie Airways Inc.
20222,E7,Estafeta Carga Aereas
20153,ET,Ethiopian Airlines
21107,EY,Etihad Airways
20396,MM,Euro Atlantic Airways
21192,GJ,Eurofly S.p.A
21985,QY,European Air Transport Leipzig GmbH
20259,E72,European Aviation Air Charter
21728,EW,Eurowings GmbH
20005,BR,Eva Airways Corporation
19188,EVA,Evanston Aviation
21889,E9,Evelop Airlines SL
20057,EZ,Evergreen International Inc.
20057,EZ,Evergreen International Inc.
20057,EZ,Evergreen International Inc.
20057,EZ,Evergreen International Inc.
20444,JN,Excel Airways
21562,1JQ,Exec Direct Aviation Services Limited
19720,EEX,Exec Express
19844,EET,Exec Express II
19459,EBQ,Execaire Aviation Ltd.
20414,EXT,Executive Air Charter
20414,NA,Executive Airlines
20414,OW,Executive Airlines
20414,NA,Executive Airlines
20414,OW,Executive Airlines
21036,EAQ,"Executive Airlines, SL"
19177,EAI,Executive Aviation Inc.
19654,EXC,Executive Charter
19181,EFA,Executive Four Winds
19782,EXR,Executive Transport
20015,EXQ,Export Air Del Peru S.A.
20159,XPA,Express Air d/b/a Sunrise
20012,EXP,Express Airlines II
20363,REX,Express Airlines Inc.
20218,JKQ,Express One International Inc.
20218,JKQ,Express One International Inc.
20218,JKQ,Express One International Inc.
20218,JKQ,Express One International Inc.
20218,JKQ,Express One International Inc.
20218,JKQ,Express One International Inc.
20218,JKQ,Express One International Inc.
20218,JKQ,Express One International Inc.
20284,TCQ,Express.Net Airlines
20284,TCQ,Express.Net Airlines
20366,EV,ExpressJet Airlines Inc.
20366,EV,ExpressJet Airlines Inc.
20366,EV,ExpressJet Airlines Inc.
20366,EV,ExpressJet Airlines Inc.
20366,EV,ExpressJet Airlines Inc.
20366,EV,ExpressJet Airlines Inc.
20374,XE,ExpressJet Airlines Inc.
20374,RU,ExpressJet Airlines Inc.
20374,RU,ExpressJet Airlines Inc.
20374,XE,ExpressJet Airlines Inc.
20374,XE,ExpressJet Airlines Inc.
20374,RU,ExpressJet Airlines Inc.
20374,RU,ExpressJet Airlines Inc.
20374,XE,ExpressJet Airlines Inc.
20366,EV,ExpressJet Airlines LLC
20366,EV,ExpressJet Airlines LLC
20223,FSA,F.S. Air Service
20223,FSA,F.S. Air Service
22010,IFQ,FAI rent-a-jet AG
20203,FCQ,Falcon Air Express
20203,FCQ,Falcon Air Express
20203,FCQ,Falcon Air Express
20203,FCQ,Falcon Air Express
20203,FCQ,Falcon Air Express
20203,FCQ,Falcon Air Express
20203,FCQ,Falcon Air Express
20203,FCQ,Falcon Air Express
20203,FCQ,Falcon Air Express
20203,FCQ,Falcon Air Express
20203,FCQ,Falcon Air Express
19414,FAC,Falcon Airways Inc.
19413,FAA,Falwell Aviation Inc.
19198,FWA,Far West Airlines
20199,FRW,Farwest Airlines
19461,FAQ,Fast Air Carrier Ltd.
19896,UD,Fast Air Carrier Ltd.
21670,FC,Fast Colombia SAS d/b/a Viva Colombia
21670,VH,Fast Colombia SAS d/b/a Viva Colombia
19189,FAR,Federal Armored Service Inc.
20107,FM,Federal Express Corporation
20107,FX,Federal Express Corporation
20107,FM,Federal Express Corporation
20107,FX,Federal Express Corporation
20107,FM,Federal Express Corporation
20107,FX,Federal Express Corporation
20107,FM,Federal Express Corporation
20107,FX,Federal Express Corporation
20107,FED,Federal Express Corporation
20191,FNQ,Fine Airlines Inc.
20191,FNQ,Fine Airlines Inc.
20191,FNQ,Fine Airlines Inc.
20191,FNQ,Fine Airlines Inc.
20191,FNQ,Fine Airlines Inc.
19538,AY,Finnair Oy
19803,7F,First Air
20375,TZQ,First Choice Airways
19749,FFQ,Five Star Airlines
19749,FFQ,Five Star Airlines
19749,FFQ,Five Star Airlines
20142,8N,Flagship Airlines Inc.
20142,FGS,Flagship Airlines Inc.
19950,9R,Flagship Express Services
19950,9R,Flagship Express Services
19950,9R,Flagship Express Services
21136,07Q,Flair Airlines Ltd.
19194,FLM,Flamenco Airways Inc.
19403,PTQ,Flight International
19403,PTQ,Flight International
19403,PTQ,Flight International
19445,XAU,Flight Line Inc.
19694,FLR,Flirite Inc.
19980,FLA,Florida Air
19192,FDA,Florida Airlines Inc.
20389,PA,Florida Coastal Airlines
19797,ZO,Florida Express Inc.
19797,ZO,Florida Express Inc.
20149,PRQ,Florida West Airlines Inc.
20149,PRQ,Florida West Airlines Inc.
20149,PRQ,Florida West Airlines Inc.
20149,PRQ,Florida West Airlines Inc.
20149,PRQ,Florida West Airlines Inc.
20149,PRQ,Florida West Airlines Inc.
20149,PRQ,Florida West Airlines Inc.
20149,PRQ,Florida West Airlines Inc.
20149,PRQ,Florida West Airlines Inc.
20149,PRQ,Florida West Airlines Inc.
21607,OJ,Fly Jamaica Airways Limited
19939,FYB,Flying Boat
20388,OP,Flying Boat Inc.
20388,OGZ,Flying Boat Inc.
20128,MT,Flying Colours Airlines Ltd.
21919,FYQ,Flying Group Lux S.A.
21147,0Q,Flying Service N.V.
19608,FT,Flying Tiger Line Inc.
19608,FT,Flying Tiger Line Inc.
19608,FT,Flying Tiger Line Inc.
19608,FT,Flying Tiger Line Inc.
21116,Y7,Flyjet Limited d/b/a Silverjet
19195,FOR,Ford-Aire Inc.
19196,FOS,Foster Aviation
20039,FRS,Four Star Aviation
20367,FRA,Freedom Air
20367,FRA,Freedom Air
20265,F8,Freedom Airlines d/b/a HP Expr
20265,F8,Freedom Airlines d/b/a HP Expr
19193,FDM,Freedom Airlines Inc.
22030,BF,French bee
20289,WST,Friday Harbor Seaplanes
19605,HAR,Friendship Air Alaska
20435,FL,Frontier Airlines Inc.
20436,F9,Frontier Airlines Inc.
20436,F9,Frontier Airlines Inc.
20436,F9,Frontier Airlines Inc.
20436,F9,Frontier Airlines Inc.
20436,F9,Frontier Airlines Inc.
20436,F9,Frontier Airlines Inc.
19681,FRT,Frontier Commuter
20320,2F,Frontier Flying Service
20320,FFS,Frontier Flying Service
20320,FFS,Frontier Flying Service
20320,FFS,Frontier Flying Service
19668,FH,Frontier Horizon Inc.
20266,GBQ,G5 Executive Ag
21590,1UQ,Gainjet Aviation SA
19660,GAQ,Galaxy Airlines Inc.
19660,GAQ,Galaxy Airlines Inc.
19660,GAQ,Galaxy Airlines Inc.
19780,GAL,Galena Air Service
19501,WGQ,Gateway Aviation Limited
19835,GSC,GCS Air Service
19330,SNC,Gelco Courier Services Inc.
21636,22Q,Gem Air LLC
20193,GR,Gemini Air Cargo Airways
20193,GR,Gemini Air Cargo Airways
20193,GR,Gemini Air Cargo Airways
20193,GR,Gemini Air Cargo Airways
19942,GCQ,General Air Cargo
19199,GAS,General Aviation Inc.
22020,GEQ,"Gestair, S.A."
20064,GH,Ghana Airways Corporation
19400,GIQ,Global International Airways Corp.
19400,GIQ,Global International Airways Corp.
19400,GIQ,Global International Airways Corp.
21158,IGA,"Global Jet Austria, GmbH"
21160,SVW,"Global Jet Luxembourg, Sa"
20268,GSQ,Global Supply System
21070,Y2,Globespan Airways Limited d/b/a Flyglobespan
21954,GCQ,Glock Aviation GmbH
20500,G7,GoJet Airlines LLC d/b/a United Express
20500,G7,GoJet Airlines LLC d/b/a United Express
19202,GCA,Golden Carriage Aire
19034,GSA,Golden Gate Airlines Inc.
19595,KIN,Golden Pacific Airlines
19208,GSL,Golden South Airlines Inc.
19836,GST,Golden State Airlines
19036,GLW,Golden West Airlines Co.
20113,GDW,Golden West Airlines Inc.
20048,GRA,Gorda Aero Service
19755,GPA,GP Express Airlines
20070,QD,Grand Airways Inc.
20070,NTX,Grand Airways Inc.
19639,GRD,Grand Canyon Airlines
20424,YR,"Grand Canyon Airlines, Inc. d/b/a Grand Canyon Airlines d/b/a Scenic Airlines"
20267,GCH,Grand Canyon Helicopters
20267,GCH,Grand Canyon Helicopters
20455,GV,Grant Aviation
20455,GS,Grant Aviation
20455,G9,Grant Aviation
20455,GRT,Grant Aviation
20455,GRT,Grant Aviation
19787,FD,Great American Airways
19787,FDQ,Great American Airways
19787,FD,Great American Airways
19787,FDQ,Great American Airways
20358,ZK,Great Lakes Airlines
20358,GLA,Great Lakes Aviation Ltd.
20358,ZK,Great Lakes Aviation Ltd.
20358,GLA,Great Lakes Aviation Ltd.
20245,TRI,Great Plains Airlines Inc.
20245,TRI,Great Plains Airlines Inc.
21326,IJ,Great Wall Airlines Company Limited
19416,ROS,Great Western Airlines Inc.
19946,GWA,Great Western Aviation
19204,GHA,Green Hills Aviation Ltd.
19205,GMA,Green Mountain Airlines Ltd.
19842,GG,Grenada Airways Ltd.
19200,GAV,Gromer Aviation Inc.
20055,GF,Gulf Air Company
19918,GAT,Gulf Air Taxi
20054,GF,Gulf Air Transport Inc.
20054,GF,Gulf Air Transport Inc.
20054,GF,Gulf Air Transport Inc.
20166,GFQ,Gulf And Caribbean Cargo
20166,GFQ,Gulf And Caribbean Cargo
20166,GFQ,Gulf And Caribbean Cargo
20166,GFQ,Gulf And Caribbean Cargo
20166,GFQ,Gulf And Caribbean Cargo
20166,GFQ,Gulf And Caribbean Cargo
20166,GFQ,Gulf And Caribbean Cargo
20166,GFQ,Gulf And Caribbean Cargo
20166,GFQ,Gulf And Caribbean Cargo
20166,GFQ,Gulf And Caribbean Cargo
20166,GFQ,Gulf And Caribbean Cargo
19922,GFC,Gulf Flite Center
20401,3M,Gulfstream Int
20401,GLF,Gulfstream Int
20401,GLF,Gulfstream Int
19209,GUL,Gull Air Inc.
19210,GUN,Gunnel Aviation Inc.
19602,HX,Guy-America Airways Inc.
19602,HX,Guy-America Airways Inc.
19524,GY,Guyana Airways Corporation
20336,H6,Hageland Aviation Service
20336,HAG,Hageland Aviation Service
20336,HAG,Hageland Aviation Service
21271,HU,Hainan Airlines Company Limited
19786,HNS,Haines Airways
19702,KB,Haiti Air
19824,HFQ,Haiti Air Freight Intl
19865,TV,Haiti Trans Air
20077,WD,Halisa Air
22077,HAQ,Hamilton Jetport Limited
19147,CHF,Hammonds Commuter Air Serv.
19635,HAQ,Hapag Lloyd Flug.
21438,EXC,Hapag-Lloyd Executive GmbH
21438,X3,Hapag-Lloyd Express GmbH
19703,HSV,Harbor Air Service
19268,OAK,Harbor Airlines Inc.
20150,HQQ,Harlequin Air Corporation
20394,HQ,Harmony Airways
21029,HBQ,Harris Air Services
19238,LHA,Havasu Airlines
19962,XAH,Hawaii Pacific Air
19706,CLD,Hawaii Pacific Helicopters
19690,HA,Hawaiian Airlines Inc.
19690,HA,Hawaiian Airlines Inc.
19690,HA,Hawaiian Airlines Inc.
19690,HA,Hawaiian Airlines Inc.
19221,HWK,Hawking Corporation
19663,XCA,Hawkins And Powers Aviation
19579,HLQ,Heavylift Cargo Airlines Lt
20270,JB,Helijet International Inc.
20270,JB,Helijet International Inc.
19807,HET,Helitac Aviation
19766,HEL,Helitrans
19773,XDC,Hemisphere Air Charter
19213,HFS,Hensley Flying Service Inc.
19876,HRG,Heritage Airlines
19212,HEU,Heussler Air Service Corp
19809,VY,Highland Express Airways
21875,37Q,"Hillwood Airways, LLC  f/k/a   ATX Air Services, LLC"
21875,37Q,"Hillwood Airways, LLC  f/k/a   ATX Air Services, LLC"
21875,37Q,"Hillwood Airways, LLC  f/k/a   ATX Air Services, LLC"
19992,ZS,Hispaniola Airways
20394,HQ,Hmy Airways Inc.
19861,HOQ,Holidair Airways
19215,HOL,Holiday Airlines Inc.
20439,HB,Homer Air
21707,HX,Hong Kong Airlines Limited
19899,KA,Hong Kong Dragonair
21785,UO,Hong Kong Express Airways Limited
19687,QX,Horizon Air
19687,QX,Horizon Air
19687,HOZ,Horizon Air
19819,HEP,Hub Express
19222,HYA,Hyannis Aviation
22062,HYP,Hyperion Aviation Ltd. dba Hyperion
19547,IB,Iberia Air Lines Of Spain
19433,XBX,Icb International Airlines
19546,FI,Icelandair
19224,III,Idee Industries Inc.
20346,IAT,Iliamna Air Service
20346,IAT,Iliamna Air Taxi
20346,V8,Iliamna Air Taxi
19051,IMP,Imperial Airlines Inc.
19469,IXQ,Inair
20404,DH,Independence Air
19684,INQ,Independent Air Inc.
19684,INQ,Independent Air Inc.
19684,INQ,Independent Air Inc.
19226,IND,Indiana Airways Inc. (Pa)
19303,RID,Indiana Airways Inc. (Reid
19227,IPI,Indo-Pacific International
20328,7N,Inland Aviation Services
20328,INL,Inland Aviation Services
20328,INL,Inland Aviation Services
19225,INA,Inland Empire Airlines Inc.
19060,CKI,Inlet Airlines
21411,7I,Insel Air International B V
21411,7I,Insel Air International B V
21672,8I,Inselair Aruba NV
19506,ND,Intair
21205,0GQ,"Inter Island Airways, d/b/a Inter Island Air"
19895,ITQ,Interamericana De Aviacion
19426,XBJ,International Air Service
19969,XPQ,International Cargo Xpress
19969,XPQ,International Cargo Xpress
19969,XPQ,International Cargo Xpress
21548,1HQ,International Jet Management GmbH
19792,XDD,International Parcel Express Inc.
19488,QB,Inter-Quebec (Intair)
19705,IRQ,Interstate Airlines Inc.
19705,IRQ,Interstate Airlines Inc.
19705,IRQ,Interstate Airlines Inc.
19705,XBL,Interstate Airlines Inc.
19661,IDQ,Intl Air Service Co. Ltd.
19216,HOR,Iowa Airlines
19756,IOW,Iowa Airways
19223,ICF,Iowa City Flying Service
19468,IR,Iran National Airlines Corp
19857,IA,Iraqi Airways
19465,ICQ,Iscargo Hf
20062,ICH,Island Air Charters
19735,IEX,Island Air Express
20287,WP,Island Air Hawaii
20287,WP,Island Air Hawaii
20287,WP,Island Air Hawaii
20443,0Z,Island Air Service
20443,9I,Island Air Service
20443,2O,Island Air Service
20443,IAS,Island Air Service
20443,IAS,Island Air Service
19228,ISL,Island Airlines
19078,ACH,Island Airlines Hawaii Inc.
21503,1DQ,Island Airlines LLC
19964,IPS,Island Express
19207,GRO,Isle Royale Seaplane Serv.
20391,6H,Israir Airlines
21673,2EQ,"J&M Alaska Air Tours, Inc. d/b/a Alaska Air Transit"
21673,2EQ,"J&M Alaska Air Tours, Inc. d/b/a Alaska Air Transit"
20018,V5,J.D.Valenciana De Aviation
21201,JI,Jade Cargo International
20185,JO,Jalways Co. Ltd.
20134,JAQ,Jamaica Air Freighters
19954,JZ,Japan Air Charter Co. Ltd.
19548,JL,Japan Air Lines Co. Ltd.
19867,JD,Japan Air System Co. Ltd.
20206,QK,Jazz Aviation LP
21592,7C,Jeju Air Co Ltd.
19231,JER,Jer-Don Air
20298,JX,Jes Air Ltd.
21261,9W,Jet Airways (India) Limited
19997,SI,Jet America Airlines Inc.
21421,PP,Jet Aviation Business Jets AG
21652,27Q,"Jet Aviation Flight Services, Inc."
21652,27Q,"Jet Aviation Flight Services, Inc."
19613,TJ,Jet Charter Service Inc.
19613,TJ,Jet Charter Service Inc.
19613,TJ,Jet Charter Service Inc.
20311,JCQ,Jet Connection Businessflight Ag
19664,XBC,Jet East Inc.
19729,BDE,Jet Express
19647,JIQ,Jet Fleet Intl. Airlines
19647,JIQ,Jet Fleet Intl. Airlines
19647,JIQ,Jet Fleet Intl. Airlines
21549,1IQ,Jet link AG
19441,XAR,Jet Way Inc.
21624,LS,Jet2.com
19701,JTA,Jetaire Airlines Inc.
20071,8J,Jetall Airways
21281,JAG,JetAlliance Flugbetriebs d/b/a JAF Airservice
20409,B6,JetBlue Airways
20409,B6,JetBlue Airways
20409,B6,JetBlue Airways
20409,B6,JetBlue Airways
21134,0J,JetClub AG
20294,SG,Jetsgo
21356,JQ,Jetstar Airways Pty Limited
20094,LF,Jettrain Airlines
20131,JMA,Jim Air Inc.
21416,LJ,Jin Air Co Ltd.
20334,BRQ,Jmc
21597,1NQ,JSC The 224th Flight Unit State Airlines
22075,3KQ,"Junipogo, LLC"
22075,3KQ,"Junipogo, LLC"
21518,1EQ,"KaiserAir, Inc."
20337,J5,Kalinin Aviation LLC d/b/a Alaska Seaplanes
20370,KAQ,Kalitta Air LLC
20370,KAQ,Kalitta Air LLC
20370,KAQ,Kalitta Air LLC
20370,KAQ,Kalitta Air LLC
20370,KAQ,Kalitta Air LLC
20370,KAQ,Kalitta Air LLC
20370,KAQ,Kalitta Air LLC
20370,KAQ,Kalitta Air LLC
20370,KAQ,Kalitta Air LLC
20370,KAQ,Kalitta Air LLC
20370,KAQ,Kalitta Air LLC
20370,KAQ,Kalitta Air LLC
20372,KLQ,Kalitta Charters II
20372,KLQ,Kalitta Charters II
20372,KLQ,Kalitta Charters II
20372,KLQ,Kalitta Charters II
20372,KLQ,Kalitta Charters II
20372,KLQ,Kalitta Charters II
20301,KR,Kar-Air Oy
20224,KAT,Katmai Air
20224,KAT,Katmai Air
19989,KEA,Keene Airways
19472,KWQ,Kelowna Flightcraft Air Cha
22051,KA1,"Kenmore Air Express, LLC (subsidiary of Kenmore Air Harbor)"
20272,KAH,Kenmore Air Harbor
20272,KAH,Kenmore Air Harbor
21949,KQ,Kenya Airways PLC
19825,KET,Ketchikan Air Service
19233,KEE,Key Airlines
19983,KEQ,Key Airlines Inc.
19983,ZN,Key Airlines Inc.
19983,KEQ,Key Airlines Inc.
19983,ZN,Key Airlines Inc.
19983,ZN,Key Airlines Inc.
21879,38Q,Key Lime Air Corporation
19750,KFS,King Flying Service
19877,XDH,Kitty Hawk Air Cargo
20302,KR,Kitty Hawk Aircargo
20302,KR,Kitty Hawk Aircargo
20302,KR,Kitty Hawk Aircargo
20302,KR,Kitty Hawk Aircargo
20302,KR,Kitty Hawk Aircargo
20302,KR,Kitty Hawk Aircargo
20302,KR,Kitty Hawk Aircargo
20173,CDQ,Kitty Hawk International
20173,CDQ,Kitty Hawk International
20143,KP,Kiwi International
20143,KP,Kiwi International
19551,KL,Klm Royal Dutch Airlines
19442,XAS,Klondike Air Inc.
19232,KAI,Knight Airlines Inc.
19640,KOD,Kodiak Airways Inc.
19550,KE,Korean Air Lines Co. Ltd.
20091,7B,Krasair
19616,KU,Kuwait Airways Corp.
20339,JF,L.A.B. Flying Service Inc.
20339,LAB,L.A.B. Flying Service Inc.
19767,LAH,La Helicopter
19721,LAA,La Skycab Airline
19556,LR,Lacsa
19580,UC,Ladeco
19801,LCT,Lake Coastal
19266,NUM,Lake State Airways
19619,LAS,Lake Union Air Service
19239,LLA,Lakeland Aviation
20126,GKQ,Laker Airways
20127,7Z,Laker Airways
20099,6F,Laker Airways Inc.
20099,6F,Laker Airways Inc.
20099,6F,Laker Airways Inc.
21084,4M,LAN Argentina
21376,L7,Lan Colombia
20350,4M,Lan Dominica
20348,XL,Lan Ecuador
20188,LP,Lan Peru Airlines
19236,LAN,Lancer Aviation Inc.
19552,LA,Lan-Chile Airlines
20172,NI,Lanica
20182,MJ,Lapa-Lineas Aereas Privadas
19923,LAP,Lapsa
19847,LAR,Laredo Air
20338,J6,Larrys Flying Service
20338,LFS,Larrys Flying Service
20338,LFS,Larrys Flying Service
19241,LVA,Las Vegas Airlines
19887,LCQ,Latcr
19949,NG,Lauda Air Luftfahrt Ag
22035,LDQ,Laudamotion Executive
21569,LDM,Laudamotion GmbH
19237,LAW,Lawrence Aviation
20127,7Z,Lb Limited
19751,LEQ,Le Point Air
20441,LC,Legend Airlines
20022,LZQ,Leisure International Airways Ltd.
19924,LEX,L'Express
19473,LIQ,Liat (1974) Limited
21745,2NQ,LIMA NY Corp d/b/a Fly The Whale d/b/a Tailwind
20155,LV,Linea Aeropostal Venezolana
20016,LGQ,Lineas Aereas Allegro
20230,ZE,Lineas Aereas Azteca
20440,LC,Lineas Aereas Del Caribe
19860,LUQ,Lineas Aereas La-Tur Sa
19897,MYQ,Lineas Aereas Mayas (Lamsa)
19517,PZ,Lineas Aereas Paraguayas
20025,LSQ,Lineas Aereas Suramerican
19553,LB,Lloyd Aereo Boliviano S. A.
19937,LKN,Loken Aviation
21439,14Q,London Air Services Limited
19214,HMZ,Long Island Airlines
21735,2KQ,Longtail Aviation Ltd.
20178,LOQ,Lorair Ltd.
20178,LOQ,Lorair Ltd.
19518,GE,Lufthansa Cargo Airlines
19554,LH,Lufthansa German Airlines
19557,LT,Luftransport-Unternehmen
20175,LG,Luxair
21995,LXQ,Luxaviation Germany GmbH
21760,2RQ,Luxaviation S A
20169,L2,Lynden Air Cargo Airlines
20169,L2,Lynden Air Cargo Airlines
20169,L2,Lynden Air Cargo Airlines
20169,L2,Lynden Air Cargo Airlines
20169,L2,Lynden Air Cargo Airlines
20169,L2,Lynden Air Cargo Airlines
20169,L2,Lynden Air Cargo Airlines
20169,L2,Lynden Air Cargo Airlines
20169,L2,Lynden Air Cargo Airlines
21217,L4,Lynx Aviation d/b/a Frontier Airlines
21217,L3,Lynx Aviation d/b/a Frontier Airlines
21217,0IQ,Lynx Aviation d/b/a Frontier Airlines
20130,MNA,M & N Aviation
19031,MAC,Mackey International Inc.
19456,DM,Maersk Air I/S
20136,H5,Magadan Airlines
19242,MAG,Magum Airlines
20067,MHO,Mahalo Air
21809,0FQ,"Maine Aviation Aircraft Charter, LLC"
21613,1PQ,Makani Kai Air Charters
21613,1PQ,Makani Kai Air Charters
19795,MH,Malaysian Airline System
22071,DB,Maleth Aero AOC Ltd.
20023,MA,Malev Hungarian Airlines
19332,SOA,Mall Airways Inc.
19868,MEA,Manhattan Express
19630,MUA,Manu'a Air Transport
19045,MRC,Marco Island Airways Inc.
21909,3AQ,"Maritime Helicopters, Inc."
19648,HER,Markair Express
19670,BF,Markair Inc.
19244,MAR,Marshall's Air Inc.
20148,MP,Martinair Holland N.V.
20148,MSQ,Martinair Holland N.V.
21132,06Q,Master Top Linhas Aereas Ltd.
21148,Q4,"Master Top Linhas Aereas, Ltda."
19736,MAA,Maui Airlines
20112,MAV,Maverick Airways
19245,MAX,Maxair Inc.
20502,MY,MAXjet
20502,MY,MAXjet
20502,MY,MAXjet
20502,MY,MAXjet
20502,MY,MAXjet
20502,MY,MAXjet
19957,MU,Mcclain Airlines Inc.
19380,ZFZ,Mcphillips Flying Service
21653,28Q,Menagerie Enterprises Inc d/b/a Monarch Air
21433,IG,Meridiana S.p.A
20092,MLX,Merlin Express
19253,MRR,Merrimack Aviation Inc.
20378,YV,Mesa Airlines Inc.
20378,YV,Mesa Airlines Inc.
20378,YV,Mesa Airlines Inc.
20378,YV,Mesa Airlines Inc.
20378,YV,Mesa Airlines Inc.
20378,MAS,Mesa Airlines Inc.
20378,YV,Mesa Airlines Inc.
20378,YV,Mesa Airlines Inc.
20170,XJ,Mesaba Airlines
20170,XJ,Mesaba Airlines
20170,MES,Mesaba Airlines
19139,CAP,Metro Air Northeast N Y
19099,ANO,Metro Air Northeast Vermont
19247,MDU,Metro Airlines
19680,EME,Metro Express
19737,MEX,Metro Express 11
19256,MTR,Metroflight Airlines
21248,0LQ,"Metropix UK, LLP."
19248,MET,Metroplex Airlines
20096,GJ,Mexicargo
20204,MG,MGM Grand Air Inc.
20204,MG,MGM Grand Air Inc.
22073,M2,MHS Aviation GmbH
20402,MMQ,Miami Air International
20402,GL,Miami Air International
20402,GL,Miami Air International
20402,MMQ,Miami Air International
20402,MMQ,Miami Air International
20402,GL,Miami Air International
20402,GL,Miami Air International
20402,MMQ,Miami Air International
20402,MMQ,Miami Air International
19306,RJS,Michigan Airways Inc.
19422,XAT,Michigan Peninsula Airways
19246,MCO,Mid Continental Airlines In
19843,MPC,Mid Pacific Air Corp.
19810,HO,Mid Pacific Airlines Inc.
19810,MPA,Mid Pacific Airlines Inc.
19810,MPA,Mid Pacific Airlines Inc.
19641,MAE,Mid-Atlantic Exp. Airlines
19794,MDC,Midcontinent Airlines
19637,ME,Middle East Airlines S.A.L.
19394,VL,Mid-South Aviation Inc.
19395,RCA,Mid-South Aviation Inc.
19058,MIS,Midstate Airlines Inc.
20295,ML,Midway Airlines Inc.
20295,ML,Midway Airlines Inc.
20297,JI,Midway Airlines Inc.
20297,JI,Midway Airlines Inc.
19249,MIY,Midway Aviation Inc.
19203,GCS,Midway Commuter
19688,2M,Midway Express Airlines
20314,YX,"Midwest Airline, Inc."
19254,MST,Midwest Aviation
20314,YX,Midwest Express Airlines
20314,YX,Midwest Express Airlines
19474,MAQ,Millardair Limited
19250,MLL,Miller Air Transportersinc
19765,BFG,Million Air
19812,LBQ,Millon Air Inc.
19812,LBQ,Millon Air Inc.
19812,LBQ,Millon Air Inc.
19606,MIN,Minuteman Aviation Inc.
19601,WSU,Mission Air
19055,MVA,Mississippi Valley Airlines
21649,25Q,Mjet GmbH
20317,7G,MK Airlines Ltd.
20376,W4,"Mn Aviation, Inc."
19881,MHK,Mohawk Airlines
21242,0KQ,"Mokulele Flight Services, Inc."
21242,MW,"Mokulele Flight Services, Inc."
19858,ZB,Monarch Airlines
19475,MGQ,Montana Austria Flugetrieb
20501,MOQ,Morningstar Air Express
20002,KN,Morris Air Corporation
20002,KN,Morris Air Corporation
20122,MTX,Mountain Air Express
20281,SLA,Mountain Bird/Salmon Air
20281,S6,Mountain Bird/Salmon Air
20281,SLA,Mountain Bird/Salmon Air
19757,MWA,Mountain West Airlines
19373,WCI,Mountainwest Airlines
19802,MTV,Mst Aviation
21253,0MQ,"Multi-Aero, Inc. d/b/a Air Choice One"
21253,3E,"Multi-Aero, Inc. d/b/a Air Choice One"
19032,XY,Munz Northern Airlines Inc.
20405,MRQ,Murray Air
20278,RNQ,Mytravel Airways
19263,NJA,N. J. Merrimack Airlines
19560,NWQ,N. W. Territorial Airways
20135,NET,Nacnet
19503,XBV,Nal Inc.
19832,NAS,Nasville Eagle
19799,NAQ,Nationair
19722,NAT,National Air
20405,N8,National Air Cargo Group Inc d/ba National Airlines
20405,N8,National Air Cargo Group Inc d/ba National Airlines
20405,N8,National Air Cargo Group Inc d/ba National Airlines
20405,N8,National Air Cargo Group Inc d/ba National Airlines
20405,MRQ,"National Air Cargo Group, Inc. d/b/a Murray Air"
20405,MRQ,"National Air Cargo Group, Inc. d/b/a Murray Air"
19257,NAC,National Air Commuter Inc.
20176,N7,National Airlines
19533,AI,National Aviation Company of India Limited d/b/a Air India
19481,NTQ,National Aviation Consult.
19642,NCA,National Commuter Airlines
19596,NFA,National Florida Airlines
20412,N5,Nations Air Express Inc.
21944,3BQ,"Nealco Air Charter Services, Inc.  d/b/a  Watermakers Air"
22079,NOS,Neos S.P.A
20406,BNQ,NetJets Large Aircraft Company L.L.C.
20406,BNQ,NetJets Large Aircraft Company L.L.C.
20406,BNQ,NetJets Large Aircraft Company L.L.C.
21099,NJE,"NetJets Transportes Aereos, S.A."
19260,NEV,Nevada Airlines
20249,NVX,Nevis Express
20249,NVX,Nevis Express
19258,NEB,New Born Wings Inc.
20273,NEW,New England Airlines Inc.
20273,NEW,New England Airlines Inc.
19399,NY,New York Air Inc.
19267,NYH,New York Helicopter Corp.
19262,NHA,Newair Flight Inc.
19996,6Y,Nicaraguense De Aviacion Sa
19516,WT,Nigeria Airways Ltd.
19830,KZ,Nippon Cargo Airlines
20303,NLQ,Nolinor Aviation
19259,NEC,Nor East Commuter Airlines
19478,NKQ,Norcanair
19450,AIQ,Norontair
20415,XG,North American Airlines
20415,NA,North American Airlines
20415,XG,North American Airlines
20415,XG,North American Airlines
20415,NA,North American Airlines
20415,XG,North American Airlines
19095,AMA,North American Airlines Inc.
19477,NFQ,North Cariboo Flying Serv.
19480,NSQ,North Coast Air Services
20103,NEQ,North East Cargo Airlines
19693,NPA,North Pacific Airlines Inc.
20242,NXQ,North Vancouver Air
19265,NTH,Northaire
19906,NCE,Northcoast Executive
19970,NER,Northeast Express Regional
19971,NEX,Northeast Express Regional
19604,QS,Northeastern International Airways
20108,NC,Northern Air Cargo Inc.
20108,NC,Northern Air Cargo Inc.
20108,HU,Northern Air Cargo Inc.
20108,NC,Northern Air Cargo Inc.
20108,NC,Northern Air Cargo Inc.
20108,XAW,Northern Air Cargo Inc.
19611,NRN,Northern Airlines Inc.
19261,NGL,Northern Eagle Airways Inc.
19584,DIR,Northern Star
19479,NN,Northward Airlines Ltd.
19386,NW,Northwest Airlines Inc.
19386,NW,Northwest Airlines Inc.
19386,NW,Northwest Airlines Inc.
19386,NW,Northwest Airlines Inc.
20274,NWS,Northwest Seaplanes
20274,NWS,Northwest Seaplanes
21823,D8,Norwegian Air International Ltd.
21579,DY,Norwegian Air Shuttle ASA
21924,DI,Norwegian Air UK Limited
20184,NOQ,Novair Airlines Ab
19883,NVQ,Novair International Airways Ltd.
19827,NAP,Npa Inc.
19483,ONQ,Nunasi-Central Airlines Ltd.
20027,OB,Oasis International Airlines S.A.
19251,MMH,Ocean Airways Inc.
19269,OCR,Ocean Reef Airways Inc.
21346,0VQ,Ocean Sky (UK) Limited
19349,TCE,Oceanair Line
21667,O6,Oceanair Linhas Aereas S A
19270,OFF,Offshore Logistics
20318,4B,Olson Air Service
20318,OAS,Olson Air Service
20318,OAS,Olson Air Service
19561,OA,Olympic Airways
19271,OHA,Omaha Aviation
19273,OMK,Omak Aviation Airlines
20450,F2,Omega Air Holdings d/b/a Focus Air
20450,F2,Omega Air Holdings d/b/a Focus Air
20450,F2,Omega Air Holdings d/b/a Focus Air
20450,F2,Omega Air Holdings d/b/a Focus Air
20450,F2,Omega Air Holdings d/b/a Focus Air
20450,F2,Omega Air Holdings d/b/a Focus Air
20377,X9,Omni Air Express
20377,X9,Omni Air Express
20377,X9,Omni Air Express
20377,X9,Omni Air Express
20377,X9,Omni Air Express
20377,X9,Omni Air International LLC
20377,X9,Omni Air International LLC
19274,OMN,Omni Pacific Airline
19723,OMI,Omniflight Airways
19768,OMH,Omniflight Helicopters
19484,OWQ,Ontario Worldair Limited
21287,0OQ,Open Skies
22002,LV,OPENSKIES SAS
21631,20Q,Orange Air
21631,20Q,Orange Air
21631,20Q,Orange Air
21697,R2,Orenburg Airlines
19798,OPQ,Orion Air
19798,OPQ,Orion Air
19798,OPQ,Orion Air
19063,ORI,Orion Air Inc.
19738,OTT,Otter Air
19402,UNQ,Overseas National Airways
19402,UNQ,Overseas National Airways
20275,OZ,Ozark Air Lines Inc.
20276,OZA,Ozark Air Lines Inc.
20276,OZA,Ozark Air Lines Inc.
19476,MZ,P.N. Merpati Nusantara Air.
19384,PSA,P.S. Air Freight Inc.
19746,GA,P.T. Garuda Indonesian Arwy
22066,RC,P/F Atlantic Airways
19854,PCR,Pacair
20305,PCQ,Pace Airlines
20305,PCQ,Pace Airlines
20305,PCQ,Pace Airlines
20305,PCQ,Pace Airlines
20305,PCQ,Pace Airlines
20305,PCQ,Pace Airlines
19691,XDA,Pacific Air Express Inc.
21111,3F,"Pacific Airways, Inc."
19432,XBT,Pacific Alaska Airlines Inc.
19631,PCL,Pacific Cal Air
19217,HPZ,Pacific Coast Airlines
19612,6P,Pacific East Air Inc.
19603,VB,Pacific Express
20034,PIQ,Pacific International Airlines
20102,SFQ,Pacific International Airlines Inc.
20102,SFQ,Pacific International Airlines Inc.
20102,SFQ,Pacific International Airlines Inc.
19952,KW,Pacific Interstate Airlines
19952,QT,Pacific Interstate Airlines
19952,KW,Pacific Interstate Airlines
19952,QT,Pacific Interstate Airlines
19952,KW,Pacific Interstate Airlines
19952,QT,Pacific Interstate Airlines
19952,QT,Pacific Interstate Airlines
19286,PIA,Pacific Island Airways
20252,9J,Pacific Island Aviation
20252,PAV,Pacific Island Aviation
19289,PMA,Pacific Missionary Aviation
19114,ATO,Pacific National Airways
19391,PS,Pacific Southwest Airlines
19487,PW,Pacific Western Airlines
20300,LW,Pacific Wings Airlines
20300,ANE,Pacific Wings Airlines
20300,ANE,Pacific Wings Airlines
20063,PFA,Pacificair
19563,PK,Pakistan International Airlines
21820,K2,"Paklook Air, Inc d/b/a/ Airlift Alaska"
21820,K2,"Paklook Air, Inc d/b/a/ Airlift Alaska d/b/a/ Yute Commuter Service"
19064,RAN,Pan Am Express
20387,PN,Pan American Airways Corp.
20387,PN,Pan American Airways Corp.
20387,PN,Pan American Airways Corp.
20387,PN,Pan American Airways Corp.
20384,PA,Pan American World Airways
20384,PA,Pan American World Airways
20384,PA,Pan American World Airways
20384,PA,Pan American World Airways
20386,OP,Pan American World Airways
20386,PA,Pan American World Airways
20386,PA,Pan American World Airways
20387,PA,Pan American World Airways
20387,PA,Pan American World Airways
20387,PA,Pan American World Airways
21302,7Q,Pan American World Airways Dominicana
20125,PNQ,Panagra Airways
20125,PNQ,Panagra Airways
20125,PNQ,Panagra Airways
19871,PNM,Panama Aviation
19657,PAT,Panorama Air Tours
20097,OI,Paradise Airways
19947,PRD,Paradise Island Airlines
19443,XAY,Pat Air
22068,PAF,Pathfinder Aviation
19981,PAQ,Patriot Airlines Inc.
19981,PAQ,Patriot Airlines Inc.
19981,PAQ,Patriot Airlines Inc.
19281,PEA,Pearson Aircraft
19485,PD,Pem-Air Limited
20225,PNA,Peninsula Airways Inc.
20225,KS,Peninsula Airways Inc.
20225,PNA,Peninsula Airways Inc.
20031,PE,People Express Airlines Inc.
20031,PE,People Express Airlines Inc.
19277,PAI,Permian Airways Inc.
19283,PET,Petro Aviation Corp.
19444,XBM,Phh Air Inc.
19564,PR,Philippine Airlines Inc.
19284,PHL,Phillips Airlines
19285,PHX,Phoenix Airlines
19279,PCA,Piasa Commuter Airlines
20427,17,Piedmont Airlines
20427,PT,Piedmont Airlines
20427,HNA,Piedmont Airlines
20427,PT,Piedmont Airlines
20427,HNA,Piedmont Airlines
19822,PI,Piedmont Aviation Inc.
19822,PI,Piedmont Aviation Inc.
19822,PI,Piedmont Aviation Inc.
19796,PM,Pilgrim Aviation & Airlines
19796,PMT,Pilgrim Aviation & Airlines
19796,PMT,Pilgrim Aviation & Airlines
20082,PNS,Pine State Airlines
19415,PHR,Pinehurst Airlines Inc.
20363,9E,Pinnacle Airlines Inc.
20363,9E,Pinnacle Airlines Inc.
20363,9E,Pinnacle Airlines Inc.
20363,9E,Pinnacle Airlines Inc.
19290,PNR,Pioneer Airways
19287,PLA,Planes Inc.
20399,PLQ,Planet Airways
20399,PLQ,Planet Airways
20399,PLQ,Planet Airways
20399,PLQ,Planet Airways
21022,Z3,"PM Air, LLC"
21022,Z3Q,"PM Air, LLC"
21022,Z3,"PM Air, LLC"
19291,POC,Pocono Airlines Inc.
20100,PO,Polar Air Cargo Airways
20100,PO,Polar Air Cargo Airways
20100,PO,Polar Air Cargo Airways
20100,PO,Polar Air Cargo Airways
20100,PO,Polar Air Cargo Airways
20100,PO,Polar Air Cargo Airways
20100,PO,Polar Air Cargo Airways
20100,PO,Polar Air Cargo Airways
21212,0HQ,Polar Airlines de Mexico d/b/a Nova Air
19288,PLZ,Polar Airways Inc.
19772,POL,Polar International
21854,34Q,"Polaris Aviation Solutions, LLC"
21854,34Q,"Polaris Aviation Solutions, LLC"
21854,34Q,"Polaris Aviation Solutions, LLC"
19555,LO,Polskie Linie Lotnicze
19562,PH,Polynesian Airlines Ltd.
20213,POQ,Polyot Airlines
19292,POM,Pompano Airways
19293,PON,Ponderosa Aviation Inc.
21226,PD,"Porter Airlines, Inc."
20244,POA,Potomac Air
20244,POA,Potomac Air
19296,PVA,Precision Valley Aviation
20073,SIQ,Premiair
21402,PM,"Prescott Support Company, Inc."
21402,PM,"Prescott Support Company, Inc."
21402,PM,"Prescott Support Company, Inc."
19744,XV,Presidential Airways Inc.
19054,COL,Presidential Express
20097,OI,Prestige Airways
20351,FE,Primaris Airlines Inc.
20351,FE,Primaris Airlines Inc.
19739,PRM,Prime Air Inc.
21939,PF,Primera Air Scandinavia
19916,PU,Primeras Lineas Uruguays For International
22057,JVQ,Prince Aviation
20380,PEQ,Prince Edward Air
19294,PRA,Princeton Aviation Corp
20210,PBQ,Privatair
20019,PJQ,Private Jet Expeditions
20019,5J,Private Jet Expeditions
20019,PJQ,Private Jet Expeditions
20019,5J,Private Jet Expeditions
20019,PJQ,Private Jet Expeditions
20347,XL,Pro Air Inc.
20347,P9,Pro Air Inc.
20347,P9,Pro Air Inc.
19295,PRR,Pro Air Services
19424,XBH,Profit Airlines Inc.
20349,PRH,Promech
20349,Z3,Promech
20349,PRH,Promech
20373,PPQ,Propair
19783,PRP,Propheter Aviation
19278,PBA,Provincetown Boston
20397,16,PSA Airlines Inc.
20397,OH,PSA Airlines Inc.
20397,16,PSA Airlines Inc.
20397,VEE,PSA Airlines Inc.
20397,VEE,PSA Airlines Inc.
20397,16,PSA Airlines Inc.
20397,OH,PSA Airlines Inc.
21835,30Q,"Public Charters, Inc. d/b/a North Country Sky d/b/a Regional Sky d/b/a Texas Sky"
19037,PRN,Puerto Rico Intl Airlines
19430,XAZ,Purolator Sky Courier Inc.
19566,QF,Qantas Airways Ltd.
21262,QR,Qatar Airways (Q.C.S.C)
20026,OMQ,Quassar De Mexico
20165,5G,Queen Air
19848,QWE,Qwest Commuter
20013,RDR,Rader Aviation
20008,RMV,Ram Aviation
19299,REA,Realwest Airlines
21964,3DQ,"Rectrix Aviation, Inc."
19491,RY,Redcoat Air Cargo Limited
19948,RDW,Redwing Airways
21582,RVQ,"Reeve Air Alaska, LLC"
21582,RVQ,"Reeve Air Alaska, LLC"
19385,RV,Reeve Aleutian Airways Inc.
19769,RVA,Reeves Air
19931,2R,Regal Air
20345,RGQ,Regency Air
19730,4R,Regent Air Corporation
20407,3C,"Regions Air, Inc."
20371,RLQ,Reliant Airlines
20371,RLQ,Reliant Airlines
20371,RLQ,Reliant Airlines
20371,RLQ,Reliant Airlines
20371,RLQ,Reliant Airlines
20371,RLQ,Reliant Airlines
19994,QQ,Reno Air Inc.
20074,REQ,Renown Aviation
20074,REQ,Renown Aviation
20074,REQ,Renown Aviation
20452,YX,Republic Airline
20452,YX,Republic Airline
20452,YX,Republic Airline
20452,YX,Republic Airline
20452,YX,Republic Airline
20452,YX,Republic Airline
20452,RW,Republic Airlines
20452,REP,Republic Airlines
20452,YX,Republic Airlines
20452,RW,Republic Airlines
20452,YX,Republic Airlines
20452,YX,Republic Airlines
19397,RC,Republic Airlines Inc.
19672,RES,Resort Airlines Inc.
19758,RSC,Resort Commuter
21577,1TQ,Rhoades Aviation dba Transair
21577,1TQ,Rhoades Aviation dba Transair
21577,1TQ,Rhoades Aviation dba Transair
21577,1TQ,Rhoades Aviation dba Transair
21577,1TQ,Rhoades Aviation dba Transair
19392,RIQ,Rich International Airways
19392,RIQ,Rich International Airways
19392,RIQ,Rich International Airways
19302,RIC,Richardson Aviation
19304,RIO,Rio Airways Inc.
20247,EWA,Rio Grande Air
20247,EWA,Rio Grande Air
19305,RIV,Riverside Air Service
19057,JCZ,Rocky Mountain Airways Inc.
19965,RMH,Rocky Mountain Helicopters
19307,ROE,Roederer Aviation Inc.
19950,9R,Rosenbalm Aviation Inc.
19950,9R,Rosenbalm Aviation Inc.
19950,9R,Rosenbalm Aviation Inc.
19950,9R,Rosenbalm Aviation Inc.
19950,9R,Rosenbalm Aviation Inc.
19211,GWE,Ross Aviation Inc.
20090,QN,Royal Air
19536,AT,Royal Air Maroc
19308,ROY,Royal American Airways Inc.
19301,RHA,Royal Hawaiian Airways Inc.
19776,YM,Royal West Airlines
19588,ROA,Royal West Airways Inc.
19298,RAL,Royal-Air Ltd.
19696,OQ,Royale Airlines Inc.
19696,RAY,Royale Airlines Inc.
19696,RAY,Royale Airlines Inc.
20330,7S,Ryan Air f/k/a Arctic Transportation
20344,RYQ,Ryan Aviation Corporation
20344,RYQ,Ryan Aviation Corporation
20344,RYQ,Ryan International Airlines
20344,RD,Ryan International Airlines
20344,RD,Ryan International Airlines
20344,RYQ,Ryan International Airlines
20344,RYQ,Ryan International Airlines
20344,RD,Ryan International Airlines
20344,RD,Ryan International Airlines
20344,RD,Ryan International Airlines
20344,RYQ,Ryan International Airlines
20344,RYQ,Ryan International Airlines
20344,RD,Ryan International Airlines
19418,SSA,S. S. Airways Inc.
19529,SN,Sabena Belgian World Air.
19314,SBA,Saber Aviation Inc.
19839,EH,Saeta Airlines
19310,SAJ,Sajen Air Inc.
20041,SLR,Salair
19826,XDF,Salair Inc.
19740,SAL,Sallee's Aviation
19699,MB,Samoa Airlines Inc.
20282,SMO,Samoa Aviation Inc.
20282,SMO,Samoa Aviation Inc.
19311,SAM,Samoan Airlines Inc.
19326,SJA,San Juan Airlines Inc.
21258,S3,"Santa Barbara Airlines, C.A"
20360,S4,Sata Internacional
19624,SV,Saudi Arabian Airlines Corp
20072,SIQ,Scanair
19571,SK,Scandinavian Airlines Sys.
20241,ASW,Scenic Airlines
19219,HSZ,Scenic Airlines Inc.
20424,YR,Scenic Airlines Inc. d/b/a Scenic Airlines
19328,SKM,Scheduled Skyways
21860,TR,Scoot Tigerair Pte Ltd d/b/a Scoot
21594,I4,Scott Air LLC dba Island Air Express
21594,1VQ,Scott Air LLC dba Island Air Express
19907,SCN,Scott Aviation
21974,3EQ,"Scott Aviation, LLC  d/b/a  Silver Air"
21974,3EQ,"Scott Aviation, LLC  d/b/a  Silver Air"
19915,SAH,Sea Air Shuttle
20280,SEB,Seaborne Aviation
20280,SEB,Seaborne Aviation
20280,SEB,"Seaborne Virgin Islands, Inc."
19316,SCO,Seaco Airlines Inc.
19525,ESQ,Seagreen Air Transport
19831,SEG,Seagull Air Service
19048,SAI,Seair Alaska Airlines Inc.
19338,SST,Seaplane Shuttle Transport
20340,K5,"Seaport Airlines, Inc."
20340,K5,"SeaPort Airlines, Inc. d/b/a Wings of Alaska"
19059,STG,Sedalia Marshall Boonvl Stg
19319,SEM,Semo Aviation Inc.
20089,FS,Serv De Trans Aereos Fuegui
20089,SXQ,Serv De Trans Aereos Fuegui
20024,SMQ,Serv. Aerolineas Mexicanas
20353,8D,Servant Air Inc.
20353,SVA,Servant Air Inc.
20353,SVA,Servant Air Inc.
19632,SER,Service Aviation Inc.
19510,SH,Servicio Aereo De Honduras
20053,8L,Servicio Aereo Leo Lopez
19634,CMQ,Servicio De Carga Aerea Sa
20433,BIQ,Servicios Aeronauticos Z S.A. De C.V.
19956,VC,Servicios Avensa
19321,SFO,Sfo Helicopter Airlines Inc.
19323,SHS,Shasta Air Inc.
19324,SHV,Shavano Air Inc.
19331,SNE,Shawnee Airlines
20448,S5,Shuttle America Corp.
20448,S5,Shuttle America Corp.
20448,SHA,Shuttle America Corp.
20448,SHA,Shuttle America Corp.
21557,3U,Sichuan Airlines Co Ltd.
19337,SSS,Sierra Express Inc.
20087,SXP,Sierra Expressway
19322,SFS,Sierra Flite Service Inc.
19966,SNV,Sierra Nevada Airways
19998,SI,Sierra Pacific Airlines
19998,TSA,Sierra Pacific Airlines
22076,ZPQ,"Silk Way Airlines, LLC"
21694,7L,Silk Way West Airlines
20401,3M,Silver Airways
20401,3M,Silver Airways
20401,3M,Silver Airways
19676,SKS,Silver Kris Services Ltd.
19325,SIA,Silver State Airlines
20398,MQ,Simmons Airlines
20398,SIM,Simmons Airlines
19572,SQ,Singapore Airlines Ltd.
20413,7J,Skagway Air Service
20413,N5,Skagway Air Service
20413,SKG,Skagway Air Service
20413,SKG,Skagway Air Service
20421,SLQ,Sky King Inc.
20421,SLQ,Sky King Inc.
20421,SLQ,Sky King Inc.
20421,SLQ,Sky King Inc.
20421,SLQ,Sky King Inc.
20421,SLQ,Sky King Inc.
20421,SLQ,Sky King Inc.
20421,SLQ,Sky King Inc.
20421,SLQ,Sky King Inc.
20421,SLQ,Sky King Inc.
20421,SLQ,Sky King Inc.
21645,23Q,Sky King Inc.
21645,23Q,Sky King Inc.
20195,WI,Sky Lease Cargo
20195,WI,Sky Lease Cargo
20195,WI,Sky Lease Cargo
20195,WI,Sky Lease Cargo
19990,SOE,Sky One Express
21611,RS,Sky Regional Airlines Inc.
21611,KV,Sky Regional Airlines Inc.
20065,SEQ,Sky Service F.B.O.
20129,1I,Sky Trek International Airlines
20129,1I,Sky Trek International Airlines
20129,1I,Sky Trek International Airlines
19396,QG,Sky West Aviation Inc.
21623,Q7,SkyBahamas Airlines Ltd.
21177,SX,"Skybus Airlines, Inc."
19960,SYB,Skybus Express Airlines
19727,FW,Skybus Inc.
19492,SJQ,Skycharter (Malton) Ltd.
19495,STQ,Skycraft Air Transport Inc.
19197,FVA,Skycraft Inc.
22025,KFQ,Skyfirst Limited
19357,TIS,Skyfreight
21648,GW,SkyGreece Airlines S A
20040,SKJ,Sky-Jet
20052,SBQ,Skyjet S.A.
19317,SCT,Skyline Airlines
20380,PEQ,SkyLink Express Inc.
21452,BC,Skymark Airlines Inc.
19882,SYM,Skymaster
21181,5G,"Skyservice Airlines, Inc."
20329,7S,Skystar International Inc.
20329,7S,Skystar International Inc.
20329,7S,Skystar International Inc.
19220,HUB,Skystream Airlines
19585,SKT,Skytrain
20356,AL,Skyway Airlines
20356,SKW,Skyway Airlines
20356,SKW,Skyway Airlines
20356,SKW,Skyway Airlines
19383,ZYZ,Skyway Aviation Inc.
20304,OO,SkyWest Airlines Inc.
20304,OO,SkyWest Airlines Inc.
20304,SEA,SkyWest Airlines Inc.
20304,SEA,SkyWest Airlines Inc.
20304,OO,SkyWest Airlines Inc.
19743,PKQ,Skyworld Airlines Inc.
19743,PKQ,Skyworld Airlines Inc.
19597,SLO,Slocum Air Inc.
20319,2E,Smokey Bay Air Inc.
20319,SKB,Smokey Bay Air Inc.
20319,SKB,Smokey Bay Air Inc.
20117,Q7,Sobelair
20145,TX,Soc.Nouvelle Air Guadeloupe
20395,MM,Sociedad Aeronautica De Med
20236,4S,Sol Air (Aero Hunduras)
21645,23Q,Songbird Airways Inc.
21645,23Q,Songbird Airways Inc.
19333,SOL,Soonair Lines Inc.
19570,SA,South African Airways
19318,SCY,South Coast Airways
19999,HK,South Pacific Island Airway
19999,SOP,South Pacific Island Airway
19999,SOP,South Pacific Island Airway
19068,AND,Southcentral Air Inc.
20299,JX,Southeast Airlines
20299,JX,Southeast Airlines
19049,SLZ,Southeast Airlines Inc.
19042,WEB,Southeast Alaska Airlines
19157,COT,Southeastern Commuter
20190,9S,Southern Air Inc.
20190,9S,Southern Air Inc.
20190,9S,Southern Air Inc.
20190,9S,Southern Air Inc.
20190,9S,Southern Air Inc.
20042,SAQ,Southern Air Transport Inc.
20042,SAQ,Southern Air Transport Inc.
20042,SAQ,Southern Air Transport Inc.
19191,FCA,Southern Airlines Inc.
19388,FTI,Southern Airways
21618,9X,"Southern Airways Express, dba Mokulele Airlines"
19724,SEP,Southern Express Airways
20101,SFQ,Southern Frontier Air Trans
19121,AVZ,Southern Jersey Airways
19336,SSP,Southern Seaplane
20238,A4,Southern Wind Airlines
19393,WN,Southwest Airlines Co.
19393,WN,Southwest Airlines Co.
20138,JK,Spanair S.A.
20138,JK,Spanair S.A.
19454,BXQ,Spantax S. A.
22035,LDQ,Sparfell Luftfahrt GmbH
20226,SNK,Spernak Airways Inc.
20226,SNK,Spernak Airways Inc.
20416,NK,Spirit Air Lines
20416,NK,Spirit Air Lines
20416,NK,Spirit Air Lines
20416,NK,Spirit Air Lines
20416,NK,Spirit Air Lines
19652,SPH,Spirit Helicopter
20102,SFQ,Sportsflight Airways Inc.
20102,SFQ,Sportsflight Airways Inc.
20102,SFQ,Sportsflight Airways Inc.
19838,SPR,Sportsman Flying Service
19837,SPG,Springdale Air
19334,SPF,Springfield Air Service
19689,SDQ,St. Lucia Airways Limited
19320,SFI,Stahmannfarms Inc.
21247,S6,Star Air A/S
19935,SRA,Star Aviation
19340,STR,Star Aviation Corporation
21570,1SQ,Star Marianas Air Inc.
19598,STA,State Airlines Inc.
19781,STW,Stateswest Airlines
19335,SRL,Sterling Air Service
19511,NBQ,Sterling Airways A/S
20186,NB,Sterling Cargo
19329,SMC,Stopher Mechanical Inc.
19315,SBN,Suburban Airlines
19411,DUZ,Summit Airlines Inc.
21618,1RQ,Sun Air Express LLC dba Sun Air International
21618,1RQ,Sun Air Express LLC dba Sun Air International
19275,OOZ,Sun Aire Lines
20422,SYQ,Sun Country Airlines
20422,SYQ,Sun Country Airlines
20422,SY,Sun Country Airlines
20422,SY,Sun Country Airlines
20422,SYQ,Sun Country Airlines
20422,SY,Sun Country Airlines
20422,SY,Sun Country Airlines
20422,SY,Sun Country Airlines
20422,SY,Sun Country Airlines d/b/a MN Airlines
20422,SY,Sun Country Airlines d/b/a MN Airlines
19341,SUI,Sun International Airways
20299,JX,Sun Jet International Inc.
20146,SPQ,Sun Pacific International
20146,SPQ,Sun Pacific International
20146,SPQ,Sun Pacific International
20146,SPQ,Sun Pacific International
20146,SPQ,Sun Pacific International
19343,SVL,Sun Valley Airlines
20212,SUX,Sunair Express LLC
19342,SUT,Sunbelt
19229,JAM,Sunbelt Airlines Inc.
19066,SKI,Sunbird Inc.
20228,WS,Suncoast Airlines Inc.
20228,WS,Suncoast Airlines Inc.
20228,WS,Suncoast Airlines Inc.
19047,PRO,Sundance Airlines
19643,SAC,Sundorph Aeronautical Corp.
20241,ASW,Sunrise Airlines Inc.
20083,SUA,Sunshine Airlines
19344,SWA,Sunwest Airlines
21231,WG,Sunwing Airlines Inc.
20106,SM,Sunworld International Airlines
20106,SM,Sunworld International Airlines
20106,SM,Sunworld International Airlines
20137,JK,Sunworld International Airways Inc.
19493,SSQ,Superior Airways Limited
19565,PY,Surinam Airways Limited
21814,2UQ,Svenskt Industriflyg AB
21161,09Q,"Swift Air, LLC"
21161,09Q,"Swift Air, LLC"
21161,09Q,"Swift Air, LLC"
21161,09Q,"Swift Air, LLC d/b/a Eastern Air Lines d/b/a Eastern"
21161,09Q,"Swift Air, LLC d/b/a Eastern Air Lines d/b/a Eastern"
21161,09Q,"Swift Air, LLC d/b/a Eastern Air Lines d/b/a Eastern"
21161,09Q,"Swift Air, LLC d/b/a Eastern Air Lines d/b/a Eastern"
19039,SWT,Swift Aire Lines Inc.
21407,10Q,Swiss Air Ambulance
20233,LX,Swiss International Airlines
20157,SO,Swiss World Airways
19852,SR,Swissair Transport Co. Ltd.
22067,WO,SWOOP Inc.
19489,RB,Syrian Arab Airlines
19574,TA,Taca International Airlines
20208,TQQ,Taca Peru
22016,TEQ,TAG Aviation (Malta) Ltd.
21308,0QQ,TAG Aviation (UK) Ltd.
21309,0RQ,TAG Aviation Espana S.L.
21306,FP,TAG Aviation S.A.
19695,TAT,Talarik Creek Air Taxi
21749,2OQ,Talofa Airways Limited
21587,EQ,Tame Linea Aerea del Ecuador Tme EP
20322,4E,Tanana Air Service
20322,TAN,Tanana Air Service
20322,4EQ,Tanana Air Service
20322,TAN,Tanana Air Service
21969,R0,Tantalus Air Ltd. d/b/a Harbour Air d/b/a Harbour Air Seaplanes
19576,TP,Tap-Portuguese Airlines
19845,TAQ,Taquan Air Service
19463,HRQ,Tar Airlines
19569,RO,Tarom Romanian Air Transpor
20408,5V,Tatonduk Outfitters Limited d/b/a Everts Air Alaska and Everts Air Cargo
20408,3Z,Tatonduk Outfitters Limited d/b/a Everts Air Alaska and Everts Air Cargo
20408,3K,Tatonduk Outfitters Limited d/b/a Tatonduk Flying Service
20408,3K,Tatonduk Outfitters Limited d/b/a Tatonduk Flying Service
20408,TTD,Tatonduk Outfitters Limited d/b/a Tatonduk Flying Service
20434,BJQ,Taxirey S.A. De C.V.
19587,THQ,T-Bird Air Inc.
19587,THQ,T-Bird Air Inc.
19587,THQ,T-Bird Air Inc.
19346,TAL,Tejas Airlines Inc.
20207,XP,TEM Enterprises dba  Avelo Airlines
20207,XP,TEM Enterprises dba  Avelo Airlines
20207,XP,TEM Enterprises dba  Avelo Airlines
19363,TYE,Temsco Airlines
19353,TEN,Tennessee Airways Inc.
19354,TER,Terre Haute Air Commuter
19936,TRR,Territorial Airlines
20076,TXY,Texas Airways
19759,TXA,Texas National Airlines
19575,TG,Thai Airways International Ltd.
20187,LP,The Hawaii Express Inc.
19243,MAI,The Maui Commuter
19633,TTM,The Time Machine
20334,MT,Thomas Cook Airlines Uk Ltd.
20334,BRQ,Thomas Cook Airlines Uk Ltd.
19355,THO,Thorson Aviation
19829,KI,Time Air Ltd.
20000,HK,Time Air Sweden Ab
21040,02Q,Titan Airways
20088,FF,Tower Air Inc.
20088,FF,Tower Air Inc.
20088,FF,Tower Air Inc.
19884,TSQ,TPI International Airways
19884,TSQ,TPI International Airways
21080,04Q,Tradewind Aviation
20195,WI,Tradewinds Airlines
20195,WI,Tradewinds Airlines
20195,WI,Tradewinds Airlines
20195,WI,Tradewinds Airlines
20195,WI,Tradewinds Airlines
20195,WI,Tradewinds Airlines
20195,WI,Tradewinds Airlines
19466,IKQ,Tradewinds Airways Ltd.
20001,TGQ,Tranps Aereos Guatemaltecos
19908,TXE,Trans Air (Hawaii)
19586,TGO,Trans Air Cargo Inc.
19356,TIA,Trans Air Inc.
20014,ECQ,Trans American Charter
20014,ECQ,Trans American Charter
20014,ECQ,Trans American Charter
19350,TCI,Trans California Airlines
19348,TCA,Trans Catalina Airlines
20283,YB,Trans Continental Airlines
20283,YB,Trans Continental Airlines
20283,YB,Trans Continental Airlines
20283,XBD,Trans Continental Airlines
20284,TCQ,Trans Continental Airlines
20284,TCQ,Trans Continental Airlines
20284,TCQ,Trans Continental Airlines
20284,TCQ,Trans Continental Airlines
20284,TCQ,Trans Continental Airlines
19339,STF,Trans East International
19941,EFQ,Trans Europ. Airways France
20288,TFQ,Trans International Airlines Inc.
20288,TFQ,Trans International Airlines Inc.
20288,TFQ,Trans International Airlines Inc.
20181,TIE,Trans International Express
19358,TMA,Trans Mo Airlines
19101,AOI,Trans New York
21764,2TQ,Trans Northern Airways d/b/a Air Unlimited Charter Services
19360,TRP,Trans Pennsylvania Airlines
19361,TSI,Trans Sierra Airlines Inc.
19280,PDA,Trans Southern Airways
20237,AX,Trans States Airlines
20237,9N,Trans States Airlines
20237,AX,Trans States Airlines
20237,RAI,Trans States Airlines
19052,TWA,Trans Western Airlines Utah
20211,TW,Trans World Airlines Inc.
20211,TW,Trans World Airlines Inc.
20211,TW,Trans World Airlines Inc.
20211,TW,Trans World Airways LLC
20211,TW,Trans World Airways LLC
19967,TWE,Trans World Express
20104,UN,Transaero Airlines
20104,UN,Transaero Airlines
19658,TKQ,Trans-Air-Link Corporation
19658,TKQ,Trans-Air-Link Corporation
19658,TKQ,Trans-Air-Link Corporation
19864,TV,Transamerica Airlines Inc.
19464,HVQ,Transavia Holland B. V.
19662,TR,Transbrasil S.A.
19888,TDQ,Transcarga
19351,TCL,Trans-Central Airlines Inc.
19352,TCO,Trans-Colorado Airlines
19984,FB,Translift Airways Limited
20163,LXQ,Translux Intl Airlines
19496,TLQ,Trans-Mediterranean Airways
19471,KKQ,Transmeridian Air Cargo Ltd.
20147,T9,TransMeridian Airlines
20147,T9,TransMeridian Airlines
20147,T9,TransMeridian Airlines
20147,T9,TransMeridian Airlines
20147,T9,TransMeridian Airlines
20451,TH,Transmile Air Service
19218,HRA,Trans-National Airlines Haw
19513,BOQ,Transp. Aereos Bolivianos
20029,GD,Transp. Aereos Ejecutivos
20029,TEQ,Transp. Aereos Ejecutivos
19804,VR,Transportes Aereos De Cabo
19953,QT,Transportes Aereos Mercantiles Panamericanos S.A
19953,TMQ,Transportes Aereos Mercantiles Panamericanos S.A
20144,TX,Transportes Aereos Nacional
21528,VW,Transportes Aeromar S.A de C.V
20167,JJ,Transportes Aeros Meridiona
19578,MC,Transtar Airlines Corp.
19359,TNS,Transtate Aviation
20109,TRQ,Transwede Airways Ab
19406,ACW,Transwest Air Express
21512,QS,"Travel Service, a.s. d/b/a SmartWings"
19925,TVL,Travelair
21117,9T,"TravelspanGT, Inc. S.A."
19849,TAF,Tri Air Freight
20359,TBQ,Triair Bermuda Flt Operations
20086,T3,Tristar Airlines Inc.
19667,TFZ,Tri-State Airlines Inc.
21743,2LQ,Tropic Ocean Airways LLC
19841,GG,Tropical Airways Inc.
19841,GG,Tropical Airways Inc.
19820,THA,Tropical Helicopter Airways
19692,RIA,Trump Air
19982,TB,Trump Shuttle
19982,TB,Trump Shuttle
21552,TB,TUI Airlines Belgium N.V. d/b/a Jetairfly
21059,OR,TUI Airlines Nederland B.V.
20179,6B,TUIfly Nordic A.B.
19362,TUL,Tulsair Beechcraft Inc.
19821,TK,Turk Hava Yollari A.O.
19985,KTQ,Turks Air Ltd.
19986,BHQ,Turks Air Ltd.
19725,TUR,Turner Aire
21589,1MQ,Twin Cities Air Service LLC
21035,TIQ,Tyrolean Jet Service
20033,U2,UFS Inc.
21608,PS,Ukraine International Airlines
21596,1WQ,Ultimate JetCharters LLC dba Ultimate Air Shuttle
20420,RL,UltrAir
20420,RL,UltrAir
20420,RL,UltrAir
21423,12Q,Unijet
19508,UT,Union De Transports Aeriens
19977,UA,United Air Lines Inc.
19977,UA,United Air Lines Inc.
19977,UA,United Air Lines Inc.
19977,UA,United Air Lines Inc.
19917,5X,United Parcel Service
19917,5X,United Parcel Service
19917,5X,United Parcel Service
19917,5X,United Parcel Service
19917,5X,United Parcel Service
19917,XBE,United Parcel Service
19885,UTQ,Universal Airlines Inc.
19885,UTQ,Universal Airlines Inc.
19364,UAI,Universal Airways Inc.
20355,US,US Airways Inc.
20355,US,US Airways Inc.
20355,US,US Airways Inc.
20355,US,US Airways Inc.
21089,UH,US Helicopter Corporation
20423,U5,USA 3000 Airlines
20423,USQ,USA 3000 Airlines
20423,U5,USA 3000 Airlines
20423,U5,USA 3000 Airlines
20423,USQ,USA 3000 Airlines
20423,U5,USA 3000 Airlines
20447,U7,USA Jet Airlines Inc.
20447,U7,USA Jet Airlines Inc.
20447,U7,USA Jet Airlines Inc.
20447,U7,USA Jet Airlines Inc.
20447,U7,USA Jet Airlines Inc.
20447,U7,USA Jet Airlines Inc.
20447,U7,USA Jet Airlines Inc.
20447,U7,USA Jet Airlines Inc.
20447,U7,USA Jet Airlines Inc.
20447,U7,USA Jet Airlines Inc.
20447,U7,USA Jet Airlines Inc.
20447,U7,USA Jet Airlines Inc.
20447,U7,USA Jet Airlines Inc.
20447,U7,USA Jet Airlines Inc.
20051,E8,USAfrica Airways Inc.
20051,E8,USAfrica Airways Inc.
20355,AL,USAir
20355,US,USAir
20355,US,USAir
20355,US,USAir
19982,TB,USAir Shuttle
19982,TB,USAir Shuttle
20080,HY,Uzbekistan Airways
19859,VAQ,Vacationair
19366,VAG,Vagabond Aviation Inc.
19041,VEZ,Valdez Airlines
19369,VIN,Vale International Airlines
20361,2U,Valley Air Express Inc.
19926,VAS,Valley Air Services
19370,VLY,Valley Airlines
20243,J7,Valujet Airlines Inc.
20192,NJ,Vanguard Airlines Inc.
20192,NJ,Vanguard Airlines Inc.
20442,LC,Varig Logistica S/A
19567,RG,Varig S. A.
19889,TDQ,Venexcargo
19519,VA,Venezuelan International Airways
20227,V4,Vensecar International
20383,H7,Venture Travel LLC d/b/a Taquan Air Service
20383,K3,Venture Travel LLC d/b/a Taquan Air Service
20383,TQA,Venture Travel LLC d/b/a Taquan Air Service
20383,TQA,Venture Travel LLC d/b/a Taquan Air Service
21477,1AQ,Via Airlines d/b/a Charter Air Transport
19789,VP,Viacao Aerea Sao Paulo
20382,VCQ,Victory Air Transport Inc.
20426,VI,Vieques Air Link Inc.
20426,VAL,Vieques Air Link Inc.
22070,VNA,Vietnam Airline
19368,VIG,Viking Express
19446,CGL,Viking International Airlines Inc.
20219,VLA,Village Aviation
20219,VLA,Village Aviation
20286,VQ,Vintage Props & Jets Inc.
20286,VPJ,Vintage Props & Jets Inc.
21171,VX,Virgin America
21171,VX,Virgin America
21171,VX,Virgin America
21171,VX,Virgin America
21171,VX,Virgin America
19682,VS,Virgin Atlantic Airways
21395,VA,Virgin Blue International Airlines t/a V Australia
19607,VIS,Virgin Islands Seaplane
20425,VIQ,Viscount Air Service Inc.
20425,VIQ,Viscount Air Service Inc.
20425,VIQ,Viscount Air Service Inc.
21236,0JQ,Vision Airlines
21236,0JQ,Vision Airlines
21236,0JQ,Vision Airlines
21236,0JQ,Vision Airlines
21236,0JQ,Vision Airlines
21236,0JQ,Vision Airlines
21568,VJT,VistaJet Limited
21131,VSA,VistaJet Luftfahrtunternehmen GmbH
21221,XF,Vladivostok Air
20428,VI,Volga-Dnepr Airlines
20428,VIQ,Volga-Dnepr Airlines
22061,WGT,Volkswagen AirSevice GmbH dba Volkswagon
21605,G3,VRG Linhas Aereas S A
22001,Q6,"Vuela Aviacion, S.A."
19372,WCA,Walker's International
22072,EB,WAMOS AIR SA
20323,4W,Warbelow
20323,WAL,Warbelow
20285,WRD,Ward Air
19500,WDQ,Wardair Canada Inc.
19644,WAR,Waring Air
19872,WLH,Welch Aviation
20289,WST,West Isle Air
20289,WST,West Isle Air
19715,BAT,West Penn Commuter
20251,OE,Westair Airlines Inc.
20251,STL,Westair Airlines Inc.
19731,WTA,Westates Airlines
21979,3FQ,"Western Air Charter, Inc.  d/b/a  Jet Edge"
21979,3FQ,"Western Air Charter, Inc.  d/b/a  Jet Edge"
21979,3FQ,"Western Air Charter, Inc.  d/b/a  Jet Edge"
20049,WA,Western Air Lines Inc.
20049,WA,Western Air Lines Inc.
19375,WET,Western Charter Inc.
21629,KD,Western Global
21629,KD,Western Global
21629,KD,Western Global
21629,KD,Western Global
20078,W7,Western Pacific Airlines
19374,WES,Western Star Airlines Inc.
19686,WFT,Westflight Aviation
20229,WS,Westjet
21702,WR,WestJet Encore Ltd.
20352,WAW,Westward Airways Inc.
19376,WFS,Wheeler Airlines
19387,WC,Wien Air Alaska Inc.
20248,8F,Wilburs Inc.
20248,WLB,Wilburs Inc.
19600,WIR,Williams Air Inc.
19378,WIL,Will's Air
20271,WNQ,Winair Inc.
20271,WNQ,Winair Inc.
19502,WM,Windward Islands Airways
19379,WNG,Wings Airways
20340,WOA,Wings Of Alaska
20340,K5,Wings Of Alaska
20340,WOA,Wings Of Alaska
19067,WWI,Wings West Airlines
19382,ZMZ,Winnipesaukee Aviation Inc.
20313,WOQ,Winnport Logistics
19377,WIA,Wisc Air
19784,WAI,Wise Airlines Inc.
19963,WL,World Air Network
20095,WO,World Airways Inc.
20095,WO,World Airways Inc.
20095,WO,World Airways Inc.
20095,WO,World Airways Inc.
20095,WO,World Airways Inc.
19697,WWQ,Worldways Canada Ltd.
20260,WLQ,Worldwide Airlines Inc.
20260,WLQ,Worldwide Airlines Inc.
20260,WLQ,Worldwide Airlines Inc.
20050,WA,Worldwide Airlines Services
20050,WA,Worldwide Airlines Services
20050,WA,Worldwide Airlines Services
20050,WA,Worldwide Airlines Services
21598,WW,WOW Air ehf
19850,WRA,Wra Inc.
19741,WGL,Wrangell Air Service
19902,BUQ,Wrangler Aviation Inc.
19902,XBY,Wrangler Aviation Inc.
20333,WAS,Wright Air Service
20333,8V,Wright Air Service
20333,WAS,Wright Air Service
19053,WRT,Wright Airlines Inc.
19423,XBF,WTC Airlines
21770,MF,"Xiamen Airlines Co., Ltd."
21366,SE,XL Airways France
20207,XP,XTRA Airways
20207,XP,XTRA Airways
20207,XP,XTRA Airways
20207,XP,XTRA Airways
20207,XP,XTRA Airways
20207,XP,XTRA Airways
21266,Y8,Yangtze River Express Airlines Company
19504,YBQ,Yellow Bird Air
19347,TAS,Yosemite Airlines Inc.
19190,FBI,Young Flying Service
19507,JU,Yugoslav Airlines
20324,4Y,Yute Air Aka Flight Alaska
20324,YUT,Yute Air Aka Flight Alaska
19851,Q2,Zambia Airways Corp.
20379,ZKQ,Zantop International
20379,ZKQ,Zantop International
20379,ZKQ,Zantop International
20379,ZKQ,Zantop International
19771,ZAQ,Zas Airline Of Egypt
21118,37,Zeal 320
22069,ZG,ZIPAIR Tokyo Inc.
19894,ZUQ,Zuliana De Aviacion
